alternatives,voters,samples,zero_optimum_profiles,mean_medrank_normalized,mean_optimum_normalized,mean_profile_ratio,mean_profile_ratio_se,mean_profile_ratio_ci95_low,mean_profile_ratio_ci95_high,ratio_p50,ratio_p90,ratio_p95,ratio_p99,max_sampled_ratio,mean_normalized_gap,mean_normalized_gap_se,mean_normalized_gap_ci95_low,mean_normalized_gap_ci95_high
10,3,2500,0,0.2523886868686869,0.22936727272727273,1.1027679666769419,0.001214610806938371,1.1003873294953426,1.1051486038585412,1.0940170940170941,1.1818181818181819,1.2127758077226163,1.29790332575914,1.4,0.02302141414141414,0.00027119124778203735,0.022489879295761347,0.023552948987066936
10,4,2500,0,0.29258060606060604,0.2642478787878788,1.108109519174578,0.0013041035561176578,1.1055534762045873,1.1106655621445687,1.0976744186046512,1.1948368704466266,1.2322145464025023,1.305978316606841,1.446969696969697,0.02833272727272727,0.00034867177675179434,0.027649330590293755,0.029016123955160785
10,5,2500,0,0.3137042424242424,0.2905677575757576,1.0801098713840178,0.0009698394044484729,1.078208986151299,1.0820107566167367,1.0719560715064311,1.1475409836065573,1.1709415494899367,1.2215108757738085,1.297029702970297,0.02313648484848485,0.00028409107084218985,0.02257966634963416,0.02369330334733554
10,6,2500,0,0.3336545454545454,0.30898303030303026,1.0800067330163017,0.0009657431136231733,1.0781138765136002,1.0818995895190031,1.0724856604930164,1.1457574224021592,1.1721388223736724,1.2248364523444122,1.3105022831050228,0.024671515151515153,0.00030515752552113113,0.024073406401493736,0.02526962390153657
10,7,2500,0,0.3439674458874459,0.3220180086580086,1.0682609124363593,0.0008414804643439201,1.0666116107262453,1.0699102141464734,1.060438180614427,1.1244064231687092,1.1520200417536532,1.1945262505112877,1.240418118466899,0.021949437229437232,0.00027411436683308387,0.021412173070444386,0.022486701388430078
10,8,2500,0,0.35707030303030307,0.3339027272727273,1.0693348358475323,0.0008380974985341817,1.0676921647504054,1.0709775069446592,1.062355460842907,1.1259016627078384,1.15,1.1909850576726704,1.2917771883289124,0.02316757575757576,0.0002854933960925155,0.022608008701234427,0.02372714281391709
10,9,2500,0,0.36440377104377103,0.3434731313131313,1.060870534038269,0.0007478003736731226,1.0594048453058695,1.0623362227706683,1.053515566482495,1.113531952223497,1.1336377683799608,1.1734865854134788,1.2425531914893617,0.02093063973063973,0.0002606846418677356,0.020419697832578968,0.021441581628700492
10,10,2500,0,0.3743985454545455,0.3533156363636364,1.059565785419375,0.0007245503994977419,1.0581456666363593,1.0609859042023906,1.0534802693731096,1.107381427770772,1.1252459591310173,1.1672129294755875,1.2427035330261136,0.021082909090909093,0.0002596518950388697,0.02057399137663291,0.021591826805185278
10,11,2500,0,0.3799704683195592,0.3597879889807163,1.0559767853053204,0.0006684186089037442,1.054666684831869,1.0572868857787716,1.050132060433647,1.1012084592145015,1.12233404098963,1.1590146975981972,1.227900552486188,0.020182479338842974,0.00024468557516193644,0.019702895611525578,0.02066206306616037
10,12,2500,0,0.3854480808080808,0.3652068686868687,1.0552738961983583,0.0006694517844565809,1.0539617707008235,1.056586021695893,1.0486783884489985,1.1006670521066704,1.1172601574586747,1.1612943347777243,1.2345679012345678,0.02024121212121212,0.00024934451769804923,0.019752496866523944,0.0207299273759003
10,13,2500,0,0.3891444289044289,0.3696417715617716,1.052589103596323,0.0006321865208360801,1.0513500180154844,1.0538281891771617,1.047289310587183,1.0929182062577303,1.1112322791712104,1.1528333048245811,1.2410501193317423,0.01950265734265734,0.00023866350565127938,0.01903487687158083,0.01997043781373385
10,14,2500,0,0.39496000000000003,0.37562233766233766,1.0513291992737666,0.0006290593117577022,1.0500962430227214,1.0525621555248117,1.045792329623839,1.0942391393610906,1.110616981455553,1.1457510426792936,1.1984732824427482,0.01933766233766234,0.00024002581732577192,0.01886721173570383,0.019808112939620853
10,15,2500,0,0.39751757575757574,0.37896,1.048798180153498,0.000587108655896821,1.0476474471879402,1.0499489131190558,1.0436731415951415,1.088461952890977,1.104339790734703,1.13636460554371,1.1975446428571428,0.018557575757575755,0.00022679639512773804,0.018113054823125387,0.019002096692026123
10,16,2500,0,0.4032681818181818,0.3841489393939394,1.0495173994535414,0.0005972261160871653,1.0483468362660104,1.0506879626410723,1.0437406082325982,1.0903333644988094,1.1077092076428197,1.13599568360711,1.2013552758954502,0.019119242424242424,0.00023614933408711768,0.018656389729431674,0.019582095119053174
10,17,2500,0,0.4049714081996435,0.38656698752228164,1.0474762968666658,0.0005746973318229874,1.0463498900962926,1.048602703637039,1.0422189596102345,1.0857441110480777,1.101990207373272,1.1349211218229622,1.2224390243902439,0.018404420677361855,0.0002256909753972715,0.017962066365583205,0.018846774989140506
10,18,2500,0,0.40875824915824915,0.3902408080808081,1.0473021693107527,0.0005808007657783056,1.0461637998098272,1.0484405388116782,1.0419580510773254,1.0877785413803156,1.103579453241282,1.135660139415725,1.2198275862068966,0.018517441077441077,0.00023013094825865326,0.018066384418854116,0.018968497736028038
10,19,2500,0,0.4095529186602871,0.39178411483253583,1.0452175674615354,0.0005516309761049386,1.0441363707483697,1.046298764174701,1.04,1.0817443262630635,1.0976477958962267,1.1259733303353383,1.2007575757575757,0.017768803827751197,0.00022012466058024245,0.01733735949301392,0.018200248162488473
10,20,2500,0,0.41339745454545457,0.3957052121212121,1.0445928627268903,0.0005386134302258428,1.0435371804036477,1.045648545050133,1.0397867836724919,1.0802305277976005,1.0959818745148868,1.1264976511632836,1.195814648729447,0.017692242424242423,0.0002166079585334983,0.017267690825516765,0.01811679402296808
10,21,2500,0,0.4163599422799423,0.39861090909090907,1.0444146305709157,0.000538411389038321,1.0433593442484006,1.0454699168934307,1.0393730037088602,1.0808159849484433,1.09369324671844,1.1262397784882618,1.1979522184300342,0.01774903318903319,0.00021787962869555602,0.0173219891167899,0.01817607726127648
10,22,2500,0,0.4188173002754821,0.40084517906336087,1.0446569339775118,0.0005299678140613213,1.0436181970619516,1.045695670893072,1.0395546004156433,1.0807910500695097,1.0955297274481428,1.1241224549457365,1.177119228118539,0.017972121212121214,0.00021708002400519763,0.017546644365071026,0.0183975980591714
10,23,2500,0,0.420106139657444,0.40293501976284585,1.0424877148451268,0.0005091128420190818,1.0414898536747694,1.0434855760154842,1.0380347983505984,1.0761376531940956,1.0898450961404635,1.122657181549313,1.2011834319526626,0.017171119894598155,0.00020836141432428498,0.016762731522522556,0.017579508266673753
10,24,2500,0,0.42179626262626263,0.40434030303030305,1.043059134837524,0.0005181473475896794,1.0420435660362481,1.0440747036387998,1.0390839375161334,1.077534106464595,1.0917173239037503,1.124399188729545,1.227457824316463,0.017455959595959594,0.00021211049475939713,0.017040223026231177,0.01787169616568801
10,25,2500,0,0.4228121212121212,0.40616465454545453,1.0408757968076379,0.00048271223293064623,1.0399296808310938,1.041821912784182,1.0371587891662242,1.0728542733861883,1.0853279570050451,1.1149755728641788,1.1735345327916424,0.01664746666666667,0.00019883848400946668,0.016257743238008115,0.017037190095325224
10,26,2500,0,0.4255005128205128,0.40825799533799534,1.04208953454377,0.0004940878538146831,1.0411211223502932,1.0430579467372467,1.0380228826623514,1.074562239019781,1.08835123258178,1.1140256961304478,1.1944146079484426,0.017242517482517483,0.00020511005359373505,0.016840501777473763,0.017644533187561203
10,27,2500,0,0.42773737373737375,0.4107950617283951,1.0411625017428716,0.0004851036142814862,1.0402116986588799,1.0421133048268634,1.0369187245155083,1.0732869669045708,1.0875977113454893,1.1114933562915557,1.174777603349032,0.016942312008978676,0.00020139043747581758,0.016547586751526074,0.01733703726643128
10,28,2500,0,0.428811341991342,0.4115193939393939,1.0418914004861526,0.0004920548975422131,1.04092697288697,1.0428558280853353,1.0382520937585205,1.0754246045282114,1.088811892661707,1.1149443012869695,1.211803640375069,0.017291948051948048,0.00020564445051677652,0.016888884928935165,0.01769501117496093
10,29,2500,0,0.43028865203761757,0.41364647857889236,1.0401171938777327,0.0004737396209374774,1.0391886642206953,1.04104572353477,1.036303546243904,1.0709975593669407,1.085817128182418,1.110947615938759,1.2395087001023541,0.016642173458725183,0.00019825545024967705,0.016253592776235816,0.01703075414121455
10,30,2500,0,0.4317801212121212,0.414979797979798,1.0403526463039519,0.0004900172622742481,1.0393922124698944,1.0413130801380093,1.0360751914245703,1.0728458970849308,1.087026282351669,1.1155024859889362,1.195430238210987,0.016800323232323233,0.00020671038992852873,0.016395170868063316,0.01720547559658315
10,31,2500,0,0.43230357771261,0.41601782991202346,1.039062934334964,0.00046611237404074073,1.038149354081844,1.039976514588084,1.0348655746726378,1.070014237692363,1.0829878534670867,1.1063842376935666,1.1818181818181819,0.01628574780058651,0.00019620336133666555,0.015901189212366645,0.016670306388806375
10,32,2500,0,0.43483371212121213,0.4181349242424242,1.0398256773551962,0.000481588877447251,1.0388817631553995,1.0407695915549928,1.0354815631691907,1.071698705491943,1.0846174897196195,1.1180161143204619,1.1797193300135809,0.01669878787878788,0.00020447156329766309,0.01629802361472446,0.017099552142851297
10,33,2500,0,0.4362333884297521,0.4193309090909091,1.0402143052815995,0.0004789115831220376,1.0392756385786803,1.0411529719845187,1.0361675285865113,1.0727412071390834,1.0848129969931735,1.112798932567362,1.1806663538244955,0.016902479338842976,0.00020255540637716872,0.016505470742343726,0.017299487935342226
10,34,2500,0,0.43699073083778966,0.4206729411764706,1.0386641544517596,0.00045468646275624727,1.0377729689847575,1.0395553399187618,1.0349866088478865,1.0704940551637403,1.082809888704908,1.1045190416312303,1.1539429530201342,0.016317789661319075,0.0001944588520709396,0.015936650311260035,0.016698929011378115
10,35,2500,0,0.4368165541125541,0.4202467186147186,1.0393489124204711,0.00046702641104582406,1.0384335406548213,1.040264284186121,1.0355020619491082,1.0711031071175812,1.0832662882844368,1.1076468245035376,1.1931865392604903,0.016569835497835497,0.0001980958174851699,0.016181567695564565,0.016958103300106428
10,36,2500,0,0.4391037710437711,0.4227542760942761,1.03856798844647,0.0004604689710654284,1.0376654692631817,1.0394705076297583,1.0344196865683752,1.068769262276091,1.0818930463511427,1.1091447688628664,1.172635814889336,0.016349494949494947,0.00019694230617071,0.015963488029400355,0.01673550186958954
10,37,2500,0,0.43913218673218674,0.42293143325143323,1.0382250001004085,0.0004439332677689863,1.0373548908955814,1.0390951093052356,1.0342766421184493,1.0672846765882564,1.0799598517616844,1.105871592892875,1.1589871315898712,0.01620075348075348,0.0001895141392540824,0.01582930576781548,0.01657220119369148
10,38,2500,0,0.44027113237639554,0.42397409888357257,1.0383632847064552,0.0004421823312471261,1.037496607337211,1.0392299620756995,1.0349636089022676,1.0669789384250772,1.079623810318918,1.106198237731484,1.1409727947238253,0.01629703349282297,0.00018950713038427662,0.015925599517269788,0.01666846746837615
10,39,2500,0,0.44111714063714064,0.4249921989121989,1.0378608359708075,0.00044117802135061547,1.0369961270489603,1.0387255448926547,1.034231609613984,1.0681695414029528,1.0784340573334892,1.10420980443844,1.1305942773294204,0.016124941724941725,0.000189468632035651,0.01575358320615185,0.0164963002437316
10,40,2500,0,0.442497696969697,0.42632224242424244,1.0378428347333568,0.00044031091471306556,1.0369798253405191,1.0387058441261945,1.0340486738392498,1.0672504951074469,1.0796185389527109,1.1052865761280908,1.1662413415967918,0.016175454545454545,0.00019003485565480594,0.015802986228371126,0.016547922862537964
10,41,2500,0,0.44269552106430154,0.42685410199556545,1.037044721151911,0.00043993675438119134,1.0361824451133237,1.0379069971904982,1.0329833476135177,1.065714511760947,1.0794663640916837,1.1031047548662711,1.1764907470870458,0.015841419068736144,0.00018930474534930834,0.0154703817678515,0.01621245636962079
10,42,2500,0,0.44449356421356423,0.4285839538239538,1.0370803138195512,0.0004349882218033965,1.0362277369048165,1.037932890734286,1.0337938235412234,1.06521568462065,1.0771491715547519,1.1065117327525573,1.146374829001368,0.01590961038961039,0.00018765275490202946,0.015541810990002413,0.016277409789218367
10,43,2500,0,0.4451300916138125,0.42921651867512334,1.037016252448929,0.00041697868870801583,1.0361989742190614,1.0378335306787967,1.0330797366095732,1.065985162580238,1.0763900424510888,1.1006928183027769,1.1258566978193147,0.015913572938689217,0.00018023948722749165,0.015560303543723333,0.0162668423336551
10,44,2500,0,0.4458390633608815,0.42969531680440776,1.0375474081648977,0.0004272537115007403,1.0367099908903563,1.038384825439439,1.0341712365569622,1.0653669192728341,1.07690422567386,1.1020002660825279,1.1634734239802225,0.01614374655647383,0.00018405912928992383,0.01578299066306558,0.01650450244988208
10,45,2500,0,0.44669543434343434,0.430722962962963,1.0370096788435925,0.00042576486074300045,1.0361751797165362,1.0378441779706489,1.0338265944525684,1.0650246186854446,1.0771662753547562,1.1024649439102563,1.1426810477657936,0.015972471380471382,0.00018507053043756203,0.01560973314081376,0.016335209620129004
10,46,2500,0,0.4470367325428195,0.43105544137022395,1.0369963397697592,0.00042244979639292267,1.0361683381688291,1.0378243413706894,1.0338069826338638,1.0647821513564253,1.0761939626884656,1.1024879366074278,1.1437578814627996,0.01598129117259552,0.00018357703847080495,0.015621480177192741,0.016341102167998296
10,47,2500,0,0.44821302385557704,0.43227187620889745,1.0368372944149977,0.0004108412720561312,1.0360320455217678,1.0376425433082277,1.03353234122065,1.0643420561065073,1.0754088789106757,1.0981993934162488,1.1282762873882208,0.01594114764667956,0.0001784900477284461,0.015591307153131806,0.016290988140227315
10,48,2500,0,0.4486872727272727,0.4327567676767677,1.0367653007598132,0.0004192353175137673,1.0359435995374862,1.0375870019821403,1.033274399126191,1.0658817642332576,1.0762201871758676,1.1001500112345015,1.1420083184789067,0.01593050505050505,0.00018233244790906184,0.015573133452603288,0.01628787664840681
10,49,2500,0,0.44908645640074213,0.43337291280148427,1.0361964071262775,0.0004124460285619071,1.0353880129102961,1.0370048013422588,1.0325558022282069,1.0638141266169332,1.0744359404043904,1.099253567364728,1.1345879669232963,0.015713543599257886,0.00017999724413364935,0.015360749000755933,0.01606633819775984
10,50,2500,0,0.4497253333333333,0.4339458424242424,1.0363161872845679,0.00040619137075032175,1.0355200521978973,1.0371123223712384,1.0333244805843305,1.0632569845335804,1.0734399402294417,1.0967503402381031,1.1468767585818795,0.015779490909090907,0.00017713288357159687,0.015432310457290576,0.016126671360891236
11,3,2500,0,0.2531933333333333,0.229889696969697,1.1040611480280593,0.0011275862951875607,1.1018510788894917,1.106271217166627,1.0952380952380953,1.1809673790776154,1.210163996948894,1.2708368644067796,1.3785714285714286,0.023303636363636363,0.00025268786373168635,0.022808368150722257,0.02379890457655047
11,4,2500,0,0.2929159090909091,0.2640172727272727,1.1097564844962402,0.0011915973573368875,1.10742095367586,1.1120920153166205,1.1010276985886742,1.1893399624177887,1.216349741676234,1.280704260651629,1.4135021097046414,0.028898636363636366,0.0003271313486560017,0.028257458920270602,0.02953981380700213
11,5,2500,0,0.3144974545454546,0.290968,1.0810900620453692,0.0008978590866760165,1.0793302582354842,1.0828498658552541,1.0740020175817842,1.1415714882651995,1.1674441516783136,1.2129993899816993,1.311787072243346,0.023529454545454548,0.0002690457928165992,0.023002124791534014,0.02405678429937508
11,6,2500,0,0.3322824242424242,0.30770424242424244,1.079747764657752,0.0008836791472921068,1.0780157535290595,1.0814797757864445,1.0731126645891238,1.1385065829761174,1.1608390022675734,1.212907869640932,1.2917771883289124,0.02457818181818182,0.00028051993479734474,0.024028362745979023,0.025128000890384614
11,7,2500,0,0.34398285714285715,0.3218942857142857,1.0685326232383332,0.000775596580200909,1.0670124539411394,1.070052792535527,1.0625699105145414,1.120726801401757,1.1391423625500756,1.186004370046663,1.277327935222672,0.02208857142857143,0.0002567239262550126,0.021585392533111605,0.022591750324031254
11,8,2500,0,0.3573975,0.3349670454545455,1.0667394618204358,0.0007596944103075172,1.065250460776233,1.0682284628646386,1.0610291208958402,1.1194179083693079,1.138990779310066,1.1767592215274358,1.2725779967159276,0.02243045454545454,0.00026349932039314284,0.02191399587748398,0.022946913213425103
11,9,2500,0,0.36325555555555555,0.34266525252525254,1.060116585608085,0.0006917683160041398,1.0587607197087168,1.0614724515074532,1.0542904757755316,1.1060109945027488,1.1269626157643275,1.1637938278759778,1.2484375,0.02059030303030303,0.0002402692238284608,0.020119375351599248,0.021061230709006815
11,10,2500,0,0.3718407272727273,0.3508236363636364,1.0595493136014869,0.0006844088900378753,1.0582078721770125,1.0608907550259612,1.0533690018988335,1.1056940905229948,1.1239575264181003,1.1602788290015504,1.2344139650872819,0.02101709090909091,0.00025053479028246405,0.02052604272013728,0.021508139098044537
11,11,2500,0,0.3778910743801653,0.3582487603305785,1.05477706378713,0.0006426902571801103,1.053517390883057,1.0560367366912031,1.048425274943248,1.0978273235395954,1.1160778850300195,1.1532226720647771,1.2053872053872055,0.019642314049586777,0.00023345432483446834,0.01918474357291122,0.020099884526262334
11,12,2500,0,0.3852933333333333,0.365195303030303,1.054862357192656,0.0006271043109830453,1.0536332327431293,1.056091481642183,1.0489652430690035,1.0977831650726178,1.1159612807747679,1.148068062301476,1.2494736842105263,0.020098030303030305,0.00023475269662508972,0.01963791501764513,0.02055814558841548
11,13,2500,0,0.38924391608391606,0.37017706293706293,1.0513481204500112,0.0005813451220549331,1.0502086840107836,1.052487556889239,1.046259842519685,1.0923190672543721,1.1065372797083821,1.1389401112203925,1.1817351598173516,0.019066853146853146,0.00021993146770310105,0.01863578747015507,0.019497918823551223
11,14,2500,0,0.39451545454545456,0.37529532467532467,1.0509936301425347,0.0005912529356904439,1.0498347743885814,1.052152485896488,1.0465690347597285,1.0906068381747829,1.1046485566278146,1.1412425701944457,1.1976549413735342,0.01922012987012987,0.00022692069946754853,0.018775365299173476,0.019664894441086263
11,15,2500,0,0.39704993939393934,0.37867042424242425,1.0483292884135658,0.0005724704984419862,1.0472072462366195,1.049451330590512,1.0432812092406096,1.0857835800998916,1.09962123336425,1.1430806984332904,1.1924242424242424,0.018379515151515154,0.00022264711899186798,0.017943126798291093,0.018815903504739214
11,16,2500,0,0.4010290909090909,0.38269204545454544,1.0477243156983331,0.0005486380312521618,1.0466489851570788,1.0487996462395874,1.0434101968198304,1.0848560655933928,1.0990426793471253,1.1299499915615367,1.2099447513812154,0.018337045454545457,0.00021443672581933276,0.017916749471939563,0.01875734143715135
11,17,2500,0,0.4044435294117647,0.38654074866310156,1.046125012796256,0.0005274112361488743,1.0450912867734041,1.047158738819108,1.0415778186970985,1.0819736168032787,1.0926462093393439,1.125582258066174,1.1778656126482214,0.0179027807486631,0.00020879818068807862,0.017493536314514467,0.018312025182811734
11,18,2500,0,0.40673777777777775,0.38950141414141415,1.0441516323602735,0.000509978083184839,1.0431520753172312,1.0451511894033159,1.039588681395499,1.0789776346265199,1.0928158190389048,1.1199189543073862,1.1693877551020408,0.017236363636363636,0.00020115386125103523,0.016842102068311608,0.017630625204415665
11,19,2500,0,0.410004019138756,0.3923153110047847,1.0448527938449024,0.0005178142048133488,1.0438378780034683,1.0458677096863365,1.0403101340691185,1.0785575694083838,1.0935055917895684,1.1269410095360444,1.1835138387484958,0.017688708133971293,0.000209313281957808,0.01727845410133399,0.018098962166608598
11,20,2500,0,0.41206927272727273,0.3946808181818182,1.0439115478687373,0.0004890437550744537,1.0429530221087913,1.0448700736286833,1.039777716184356,1.0763244424447107,1.0887927014433711,1.1172978175717894,1.1610549943883277,0.017388454545454544,0.00019724373047715492,0.01700185683371932,0.01777505225718977
11,21,2500,0,0.41521748917748913,0.3981277056277056,1.0428197278013085,0.0004930646337152375,1.0418533211192267,1.0437861344833903,1.0388651430262699,1.0757123049134363,1.088007083751113,1.118246062853327,1.2,0.01708978354978355,0.00019986066170635567,0.01669805665283909,0.017481510446728007
11,22,2500,0,0.41681553719008263,0.40016157024793386,1.041474692211802,0.0004725530315267969,1.0405484882700093,1.0424008961535944,1.0375462823137243,1.0733728286728688,1.0860726288437632,1.1100016762055551,1.1506713078070612,0.01665396694214876,0.00019267633025663627,0.016276321334845755,0.017031612549451767
11,23,2500,0,0.4188104347826087,0.4023871936758893,1.0406841800857471,0.0004675043560966939,1.0397678715477976,1.0416004886236967,1.0367702398654275,1.0719560175337424,1.0845438985564493,1.112351178569714,1.17477130476649,0.01642324110671937,0.0001912389584202933,0.016048412748215595,0.016798069465223147
11,24,2500,0,0.421044696969697,0.4043917424242424,1.041036854023302,0.00045129618789210624,1.0401523134950335,1.0419213945515704,1.0382410961072142,1.0700201055653915,1.08238697883303,1.1097603884372178,1.1538821328344246,0.016652954545454544,0.00018621388796192625,0.016287975325049168,0.01701793376585992
11,25,2500,0,0.4231095272727273,0.40665199999999996,1.0403607335176013,0.00046949912185470234,1.039440515238766,1.0412809517964365,1.0363243187641438,1.0714634375823264,1.0829347995845073,1.1123593995404086,1.1691629955947136,0.016457527272727274,0.00019406010913892557,0.01607716945881498,0.016837885086639567
11,26,2500,0,0.42490846153846157,0.40852279720279716,1.0399994260536374,0.00044999873923066985,1.0391174285247453,1.0408814235825294,1.036351325419394,1.069861722441014,1.084337584621971,1.1044278702907893,1.175010175010175,0.016385664335664334,0.0001867639649692064,0.01601960696432469,0.01675172170700398
11,27,2500,0,0.4261174410774411,0.4102289562289563,1.0386168291417166,0.0004358656411886453,1.0377625324849868,1.0394711257984464,1.0347709656816988,1.0677566622671077,1.0807676952631216,1.1055533598691807,1.1502866502866502,0.015888484848484846,0.00018160249872706355,0.015532543950979801,0.01624442574598989
11,28,2500,0,0.42780077922077925,0.4113712337662338,1.0398308883446397,0.00044970795838843993,1.0389494607461982,1.0407123159430811,1.0359177017207446,1.0694892075814912,1.082630458478768,1.108874641360636,1.147985347985348,0.016429545454545457,0.0001877858775277578,0.01606148513459105,0.016797605774499864
11,29,2500,0,0.42930978056426333,0.4134583699059561,1.0381866690995218,0.00044221877455612077,1.0373199203013919,1.0390534178976518,1.0338570384645585,1.0688639172657333,1.0796135725516622,1.1050186902046737,1.1613737075332349,0.015851410658307207,0.00018665744438262316,0.015485562067317266,0.01621725924929715
11,30,2500,0,0.43029406060606057,0.41430145454545453,1.03851965201777,0.00041483591384385514,1.037706573626636,1.039332730408904,1.0348901827185841,1.0669106908122612,1.078364871765467,1.0980184529250454,1.1368573497465604,0.015992606060606058,0.0001744002625194487,0.01565078154606794,0.016334430575144176
11,31,2500,0,0.43183284457478005,0.4158489149560117,1.0383008718625852,0.0004274978999912768,1.0374629759786023,1.0391387677465682,1.0349402238569032,1.0661379697777627,1.0774064958389913,1.1061509790450017,1.1542185338865836,0.01598392961876833,0.0001814267207180555,0.01562833324616094,0.016339525991375718
11,32,2500,0,0.43244835227272727,0.4168197727272727,1.0373831272987464,0.00041460897188319253,1.0365704937138553,1.0381957608836374,1.0339156280297446,1.065239977184585,1.0768811758569343,1.0978552097970153,1.1917952314165499,0.015628579545454546,0.0001752775250833681,0.015285035596291144,0.01597212349461795
11,33,2500,0,0.4342582369146006,0.41844716253443526,1.037719884053581,0.00042231405541888375,1.03689214850496,1.038547619602202,1.0344151756713886,1.0658026691616729,1.076146085289731,1.1008212505022834,1.1517404528556945,0.015811074380165293,0.00017823407051271482,0.015461735601960371,0.016160413158370215
11,34,2500,0,0.4362772192513369,0.42025368983957223,1.0379830309362348,0.00042695358019881465,1.0371462019190452,1.0388198599534244,1.034117122646251,1.0658706187158526,1.0759307918652754,1.1048421688618126,1.1836086404066073,0.016023529411764707,0.00018328695177891613,0.01566428698627803,0.016382771837251384
11,35,2500,0,0.4368048311688312,0.4210767272727273,1.037244978846925,0.00042898108365891946,1.0364041759229534,1.0380857817708964,1.0330209129601842,1.0664782522551655,1.0799863420962958,1.100766426873662,1.1380832282471627,0.015728103896103896,0.00018325023560545228,0.01536893343431721,0.016087274357890584
11,36,2500,0,0.4374282323232323,0.4218974242424242,1.0367503211592684,0.0004245284599743821,1.0359182453777185,1.0375823969408182,1.0328886714327306,1.065385902597452,1.078215484245024,1.1023736474348356,1.1768433179723503,0.01553080808080808,0.0001809189097065475,0.015176207017783248,0.015885409143832914
11,37,2500,0,0.43822845208845207,0.42292579852579854,1.036095165814327,0.0004145581813878609,1.0352826317788066,1.0369076998498472,1.0324682741498195,1.0641451479121298,1.0757080297371617,1.0983936587392462,1.1586800573888092,0.015302653562653564,0.0001779648059977003,0.01495384254289807,0.015651464582409055
11,38,2500,0,0.43935727272727276,0.4239744019138756,1.0362359530335794,0.00040380993214942984,1.0354444855665665,1.0370274205005923,1.0327488335815511,1.0627915368587373,1.0744928751807383,1.0983324097056377,1.1611295681063123,0.01538287081339713,0.00017263296307688228,0.01504451020576644,0.01572123142102782
11,39,2500,0,0.4402956177156177,0.4251295104895105,1.0356143315682607,0.0004052540110320227,1.034820033706638,1.0364086294298833,1.031981868801609,1.0627394967339245,1.073191290667078,1.0967419250645989,1.1782560706401766,0.015166107226107227,0.00017413304711290714,0.014824806453765929,0.015507407998448524
11,40,2500,0,0.4418156818181818,0.42649054545454546,1.035857340445602,0.00041576141601518574,1.0350424480702123,1.0366722328209916,1.0316563723569172,1.063227335158588,1.0760711171146184,1.1020105343511448,1.178562292146329,0.015325136363636364,0.0001793741411265927,0.014973563047028241,0.015676709680244486
11,41,2500,0,0.441950110864745,0.42687490022172947,1.0352427758861544,0.0003980397103005476,1.0344626180539653,1.0360229337183435,1.03160809990466,1.061294622471729,1.0724464284062467,1.097696399975587,1.1495375128468655,0.015075210643015521,0.00017187371346772475,0.01473833816461878,0.015412083121412262
11,42,2500,0,0.4424925541125541,0.427268658008658,1.0355431873307865,0.0003965962512003178,1.0347658586784338,1.0363205159831392,1.0322378997498296,1.0615511607119141,1.0737822389504523,1.0938262808660146,1.1834018872489718,0.015223896103896104,0.00017168412628937565,0.014887395216368927,0.015560396991423281
11,43,2500,0,0.44360355179704014,0.42820207188160675,1.0358896079091349,0.00039496351841650576,1.0351154794130386,1.0366637364052311,1.0324855042389922,1.0623759212575667,1.073839520080547,1.0957032303345828,1.16109496124031,0.015401479915433404,0.00017114507505766943,0.015066035568320372,0.015736924262546435
11,44,2500,0,0.44453499999999996,0.42949301652892563,1.0349551120799256,0.0003852970943971683,1.0341999297749072,1.035710294384944,1.0315572423555284,1.061042884358588,1.0712888320005622,1.0959749644840502,1.135628952916374,0.01504198347107438,0.00016730441884825386,0.014714066810131802,0.015369900132016957
11,45,2500,0,0.44508977777777775,0.4300555151515152,1.0348869602753097,0.0003828955087135882,1.034136485078231,1.0356374354723883,1.031728055510615,1.0611001211551474,1.0701880043344496,1.0935593514680146,1.1489887640449439,0.015034262626262625,0.0001668900216906222,0.014707158183749005,0.015361367068776244
11,46,2500,0,0.4463147035573123,0.4311300790513834,1.0351521361754727,0.00039122079354589806,1.034385343420123,1.0359189289308226,1.032172124232456,1.0615243239718284,1.0709133714043602,1.0928848435354084,1.142120600762161,0.015184624505928855,0.00017066975799322713,0.01485011178026213,0.01551913723159558
11,47,2500,0,0.4468185686653772,0.43171001934235975,1.0349099118111367,0.00038804492272955383,1.0341493437625868,1.0356704798596865,1.0321396306136483,1.0599384618524719,1.071473627558961,1.0935242472877575,1.1464898935014127,0.01510854932301741,0.00016971605569855906,0.014775905853848234,0.015441192792186587
11,48,2500,0,0.44768768939393944,0.4326701515151515,1.0346551637171557,0.000378458332955373,1.0339133853845632,1.0353969420497482,1.0314986801996688,1.060048381685102,1.070606669069946,1.093441682058907,1.1280870657178736,0.015017537878787877,0.0001650125992854056,0.014694113184188482,0.015340962573387271
11,49,2500,0,0.4477926530612245,0.43289009276437845,1.0343312872807322,0.00038776492550438626,1.0335712680267437,1.0350913065347207,1.0310366915328566,1.060141409413472,1.0702538454611685,1.0909510619994127,1.1636923076923076,0.01490256029684601,0.00017023913613977952,0.014568891590012041,0.015236229003679979
11,50,2500,0,0.4488421818181818,0.43381847272727275,1.0345705367559475,0.0003743608591777978,1.033836789471959,1.035304284039936,1.031684597138132,1.058638144690091,1.0695690296883806,1.0922859839960466,1.141916294879966,0.01502370909090909,0.00016399704776815546,0.014702274877283506,0.015345143304534676
12,3,2500,0,0.24988205128205127,0.22615571095571094,1.1076253631070532,0.0010711020804289894,1.1055260030294123,1.109724723184694,1.1018518518518519,1.1787950893165047,1.204601869761444,1.2544452152621912,1.423913043478261,0.023726340326340325,0.00023607822284437603,0.023263627009565347,0.024189053643115303
12,4,2500,0,0.29564335664335667,0.2663171328671329,1.1110003546073508,0.0011033062756827872,1.1088378743070126,1.113162834907689,1.1036529363855339,1.1839728920964618,1.2156891327959753,1.2699150920832336,1.3464566929133859,0.029326223776223775,0.00029844134402569214,0.02874127874193342,0.02991116881051413
12,5,2500,0,0.3122352447552448,0.2886883916083916,1.0818453400048604,0.000850658221767816,1.0801780498901956,1.0835126301195253,1.0763966916354557,1.1383030365626936,1.1596703629905571,1.213136195113235,1.2698019801980198,0.023546853146853147,0.0002508482322823506,0.02305519061157974,0.024038515682126553
12,6,2500,0,0.3316923076923077,0.30677715617715623,1.0811847304006952,0.0008572572259254599,1.0795045062378812,1.0828649545635092,1.075068017085615,1.138054298642534,1.1642906066536205,1.2033510430419851,1.3413043478260869,0.02491515151515151,0.00027226814895326,0.02438150594320312,0.025448797087099902
12,7,2500,0,0.3441396603396603,0.3221056943056943,1.0682223413368976,0.0007520455931653143,1.0667483319742936,1.0696963506995016,1.0619669826186031,1.1174648582904487,1.1400382218979268,1.1844395557969696,1.3374045801526717,0.022033966033966037,0.00024986308778696906,0.021544234381903577,0.022523697686028497
12,8,2500,0,0.35502377622377623,0.33303041958041957,1.0658888341001285,0.0007015044309042471,1.0645138854155562,1.0672637827847007,1.060339294409278,1.11308925207028,1.1289341636927233,1.1770742548322164,1.2580195258019526,0.02199335664335664,0.0002405304634697859,0.02152191693495586,0.02246479635175742
12,9,2500,0,0.3630904428904429,0.3425818181818182,1.0597191529153254,0.0006479526639345138,1.0584491656940138,1.060989140136637,1.0545562385420038,1.1030735983052415,1.1185517143263624,1.154656606920557,1.2219451371571073,0.02050862470862471,0.00022633073130336954,0.020065016475270106,0.020952232941979315
12,10,2500,0,0.37198321678321683,0.3513503496503496,1.0585668075998975,0.0006488878071352935,1.0572949874979123,1.0598386277018828,1.053260384764057,1.1010281385281384,1.1194537252528385,1.1526917001975745,1.262752646775746,0.02063286713286713,0.0002332312452061501,0.020175733892263077,0.021090000373471182
12,11,2500,0,0.3768043229497775,0.35744221233312146,1.0540041866277228,0.0005856064130074088,1.0528563980582282,1.0551519751972174,1.0496203792913197,1.091982516828721,1.1090850409951472,1.1420202874049026,1.2209767814251402,0.019362110616656072,0.00021578535514671273,0.018939171320568514,0.01978504991274363
12,12,2500,0,0.38454020979020975,0.3651409090909091,1.0528829649481346,0.0005805376331616156,1.0517451111871379,1.0540208187091313,1.048275603272226,1.090851133372509,1.1052652733118973,1.1420384974522484,1.317891373801917,0.019399300699300702,0.00021869392485786412,0.018970660606579287,0.019827940792022117
12,13,2500,0,0.3882486282947821,0.3694494889725659,1.0507570307670921,0.0005437093792601305,1.0496913603837423,1.051822701150442,1.0459426202248188,1.0877374855528976,1.103105878782863,1.1270015393851693,1.2047930283224402,0.018799139322216246,0.00020523709052390718,0.018396874624789387,0.019201404019643105
12,14,2500,0,0.39295684315684315,0.37403236763236763,1.0505151334287932,0.000538379472504043,1.0494599096626853,1.051570357194901,1.0458422829232452,1.087299441449239,1.1019467100212257,1.1269467061435972,1.1768488745980707,0.018924475524475525,0.00020512043085004514,0.018522439480009437,0.019326511568941614
12,15,2500,0,0.39617939393939394,0.3779862937062937,1.0479931373843907,0.0005148025687208407,1.0469841243496978,1.0490021504190836,1.043519802755545,1.0823982743273475,1.0966186554181436,1.119833903816622,1.2137492778740613,0.018193100233100234,0.00019903521002862757,0.017802991221444124,0.018583209244756344
12,16,2500,0,0.39975961538461535,0.3820528846153846,1.0461716151501828,0.0004896758697782967,1.0452118504454173,1.0471313798549482,1.042211993266903,1.0801744976042336,1.0922530981832461,1.1165030855784261,1.176759410801964,0.01770673076923077,0.00019182511777329138,0.017330753538395118,0.018082708000066422
12,17,2500,0,0.4044330728095434,0.3866758535582065,1.0457922989348578,0.0004794000752939093,1.0448526747872817,1.046731923082434,1.0419214293559844,1.078920301068161,1.0915226539290983,1.1141673301944839,1.1580584940883634,0.017757219251336897,0.00018939611296600042,0.017386002869923537,0.018128435632750257
12,18,2500,0,0.40703550893550894,0.38971872571872573,1.0443498672191416,0.0004712495542844874,1.043426218092744,1.045273516345539,1.0406910182543678,1.0769945655936612,1.086108923272817,1.1165480047230043,1.1728709841917389,0.017316783216783215,0.00018596195695389243,0.016952297781153584,0.017681268652412846
12,19,2500,0,0.40868487302171513,0.3919484725800515,1.0425500635558957,0.00046606147898292655,1.0416365830570893,1.0434635440547022,1.0388557400525078,1.0731507483691447,1.085426609249643,1.1153870326663755,1.1766519823788546,0.0167364004416636,0.00018731175277660088,0.01636926940622146,0.01710353147710574
12,20,2500,0,0.4113141958041958,0.39465888111888114,1.042084778116069,0.00045542729968829805,1.04119214060868,1.042977415623458,1.0381097754939188,1.0738815396223165,1.0854199621484475,1.1064089743938113,1.2175749894381074,0.016655314685314688,0.00018277606029903286,0.016297073607128582,0.017013555763500793
12,21,2500,0,0.41382917082917087,0.3973010323010323,1.0414958471210205,0.0004574256343271425,1.0405992928777392,1.0423924013643018,1.0371764335966671,1.0721362210677088,1.0852888577393054,1.1114463128966823,1.165947430364849,0.016528138528138527,0.00018495541614789847,0.016165625912488647,0.016890651143788408
12,22,2500,0,0.4158118881118881,0.39938703115066754,1.0409907719223024,0.0004425442325023813,1.0401233852265976,1.0418581586180071,1.0372134889526063,1.0695238384380312,1.0817290967585484,1.1097826020058423,1.154045867589788,0.016424856961220598,0.00018028030513956054,0.01607150756314706,0.016778206359294136
12,23,2500,0,0.4178281544542414,0.40203368805107936,1.039183795291503,0.0004147673361254791,1.038370851312697,1.0399967392703091,1.0358158531665995,1.0671701026532878,1.0781496122715049,1.0988630017233931,1.2127737226277373,0.015794466403162056,0.0001702741746352371,0.01546072902087699,0.01612820378544712
12,24,2500,0,0.419726048951049,0.4039311188811189,1.039007166346984,0.0004229708807160161,1.0381781434207806,1.0398361892731873,1.0351310753635723,1.0661131229442782,1.0782961395544777,1.106384810938323,1.138377641445126,0.01579493006993007,0.00017351462705118926,0.01545484140090974,0.016135018738950402
12,25,2500,0,0.4218991888111888,0.40593516083916087,1.0392221496948897,0.0004196498186838674,1.0383996360502694,1.04004466333951,1.0357794222729084,1.0669291038224378,1.0779995972562069,1.099592207258228,1.1368925393566052,0.01596402797202797,0.00017361769299842578,0.015623737293751057,0.016304318650304885
12,26,2500,0,0.4224003765465304,0.4071589026358257,1.0373283036454999,0.00040965494706730323,1.036525379949248,1.0381312273417518,1.0340578365291333,1.06437516802029,1.0759265807274623,1.1012398180471807,1.143141153081511,0.015241473910704682,0.00016968576549529677,0.0149088898103339,0.015574058011075463
12,27,2500,0,0.42466516446516445,0.40916793576793575,1.037787393376348,0.0003973505690044911,1.0370085862610992,1.0385662004915968,1.034350746253546,1.0652662197335407,1.0746389385152595,1.0967848695326474,1.1368624919302777,0.015497228697228698,0.0001652213180809904,0.015173394913789957,0.01582106248066744
12,28,2500,0,0.4263348651348651,0.41080624375624375,1.0376976647659848,0.0004079185408192304,1.036898144425979,1.0384971851059905,1.0344413690907865,1.0647860458181535,1.075328134057584,1.0992770243720111,1.1421364985163205,0.01552862137862138,0.00017024841200676184,0.015194934491088127,0.01586230826615463
12,29,2500,0,0.42737328189052326,0.4121939233180612,1.0367223878358915,0.000386552666266181,1.0359647446100098,1.0374800310617733,1.033653137264539,1.0629756161175092,1.0722428040710896,1.0916316334544107,1.139492199449373,0.015179358572462021,0.00016207046381197095,0.014861700463390557,0.015497016681533485
12,30,2500,0,0.4292862004662005,0.4143206526806527,1.0360354191051733,0.00039446971885640024,1.0352622584562148,1.0368085797541318,1.0325229484481606,1.0630933486201102,1.0723394465134723,1.0951803052734626,1.1396842386941397,0.014965547785547787,0.00016576693165726517,0.014640644599499548,0.015290450971596026
12,31,2500,0,0.4301780735393638,0.41524926686217006,1.035870857648768,0.0003765417730838039,1.0351328357735239,1.0366088795240123,1.032705785968724,1.0615637210425932,1.071354930978734,1.0932287018841753,1.1518817204301075,0.014928806677193774,0.00015839399792047542,0.014618354441269642,0.015239258913117906
12,32,2500,0,0.4328118881118881,0.41763697552447554,1.0362488345838718,0.000379155832395927,1.0355056891523757,1.036991980015368,1.0330578512396693,1.0615818453592132,1.0723983090789697,1.0923863031689849,1.128899200824955,0.015174912587412586,0.0001606137626767463,0.014860109612566163,0.01548971556225901
12,33,2500,0,0.4328270396270396,0.41814994702267433,1.0350114360115135,0.00037861776239482754,1.0342693451972196,1.0357535268258073,1.032078460589441,1.060728834250402,1.071292386764864,1.0897675821323005,1.1481930633034199,0.014677092604365333,0.00016068161902136127,0.014362156631083464,0.014992028577647202
12,34,2500,0,0.43442056766762643,0.4195275606746195,1.035421145551944,0.0003790400021185501,1.0346782271477917,1.0361640639560963,1.032096127253973,1.0600929699221437,1.0713600604238644,1.0932292705860363,1.1349965026812776,0.014893006993006991,0.00016144213515955909,0.014576580408094255,0.015209433577919727
12,35,2500,0,0.4348856743256744,0.42000967032967035,1.0353335662568184,0.00037001272007444324,1.0346083413254725,1.0360587911881642,1.03251525792508,1.0598424509653237,1.0697512365458872,1.0917437290996157,1.1670555296313578,0.014876003996003997,0.00015718911771644392,0.014567913325279767,0.015184094666728227
12,36,2500,0,0.4383405594405595,0.42316118881118875,1.0357995305299843,0.0003845001672308714,1.0350459102022118,1.0365531508577568,1.0329720313800368,1.0606942954352583,1.0724567766024515,1.094781487578545,1.156228492773572,0.01517937062937063,0.00016479348672814923,0.014856375395383457,0.015502365863357803
12,37,2500,0,0.43697013797013795,0.42260283500283496,1.0339267303745234,0.0003633161236156818,1.0332146307722367,1.0346388299768101,1.0313203688491066,1.058320084801284,1.0687142811100352,1.0884311549782117,1.1281872971719982,0.014367302967302967,0.0001554930574171759,0.014062536574765302,0.014672069359840632
12,38,2500,0,0.43871829223408165,0.4241464114832536,1.0342839769310888,0.0003642087277586897,1.0335701278246818,1.0349978260374957,1.0311534503778,1.059130182555059,1.0677833042611333,1.0932078025139131,1.1272498953537045,0.01457188075082812,0.00015618557054341368,0.014265757032563029,0.014878004469093212
12,39,2500,0,0.43895115653577194,0.4246481262327416,1.0335980021228064,0.0003529911655760759,1.0329061394382772,1.0342898648073355,1.0309173696051983,1.057513221263512,1.0659512964134976,1.0858155539487928,1.138575152041703,0.014303030303030304,0.00015186174114686834,0.014005381290382441,0.014600679315678166
12,40,2500,0,0.44032968531468536,0.4257683216783217,1.0341333097561578,0.00035653849149300503,1.0334344943128315,1.034832125199484,1.0312876597338199,1.0569941032176349,1.0671530962063576,1.089577936239791,1.1287676850522863,0.014561363636363634,0.00015399551409030158,0.014259532428746644,0.014863194843980625
12,41,2500,0,0.4408056967422821,0.42648800955142424,1.033494250349635,0.0003550969539042782,1.0327982603199826,1.0341902403792873,1.0307034478836212,1.0571610086417533,1.0671426076925767,1.0871596525216602,1.1203703703703705,0.014317687190857924,0.00015332856115819814,0.014017163210987855,0.014618211170727993
12,42,2500,0,0.4417927738927739,0.4275877455877456,1.033162851413334,0.0003472085328669064,1.0324823226889148,1.0338433801377531,1.0306781737909574,1.0561172505015575,1.066109991354231,1.0858554361005803,1.1173488546751784,0.014205028305028304,0.00015011671658718322,0.013910799540517426,0.014499257069539183
12,43,2500,0,0.4424853472109286,0.42817778500569204,1.033345211791895,0.00035073535526637466,1.032657770495573,1.0340326530882171,1.0307098892208846,1.0564422874251311,1.0668927743772751,1.0858491376329353,1.1139622641509435,0.014307562205236624,0.0001521458776234469,0.014009356285094667,0.01460576812537858
12,44,2500,0,0.4436857279084552,0.42927565162110615,1.0335121953229072,0.00035913407433580584,1.032808292537209,1.0342160981086053,1.031073022372266,1.0571960869785395,1.0674921487831905,1.085787921906006,1.1304023845007451,0.014410076287349013,0.00015578102009467006,0.01410474548796346,0.014715407086734567
12,45,2500,0,0.44477581973581976,0.43048055944055946,1.0331423283800398,0.00034695626416235143,1.0324622941022816,1.033822362657798,1.0302684444177435,1.0563452719702267,1.0661365618270422,1.0832268700901742,1.1316879841470004,0.014295260295260294,0.00015088820459144826,0.013999519414261056,0.014591001176259532
12,46,2500,0,0.4448750380054728,0.43075372453633326,1.0327212955604037,0.0003499236355044818,1.0320354452348148,1.0334071458859926,1.029641855635564,1.055665031677721,1.0648360357069597,1.085669357099716,1.1323907455012854,0.014121313469139557,0.0001524515230422206,0.013822508483976804,0.01442011845430231
12,47,2500,0,0.4457232852254129,0.4314219610177057,1.033085227146778,0.0003320774596802067,1.0324343553258049,1.0337360989677513,1.0307167962091994,1.0553295672110186,1.0631970935161508,1.0812316391456582,1.1167487684729065,0.014301324207707187,0.00014490326329698046,0.014017313811645105,0.014585334603769269
12,48,2500,0,0.44616331585081587,0.43203033216783215,1.032663019885997,0.00034738298377874274,1.0319821492377905,1.0333438905342034,1.0297614160166833,1.0549798495247789,1.0646316882099491,1.0899190381702089,1.1345858240819813,0.014132983682983684,0.00015149104328977342,0.013836061238135728,0.014429906127831639
12,49,2500,0,0.446794005994006,0.432756043956044,1.032398540200966,0.00032983536613590887,1.0317520628833396,1.0330450175185926,1.0295573514817091,1.0543048608986527,1.0636043848190222,1.079360136601968,1.134485596707819,0.014037962037962037,0.0001438383237314828,0.013756038923448332,0.014319885152475743
12,50,2500,0,0.4481233006993007,0.43392058741258743,1.0326661304732359,0.0003384363273429388,1.0320027952716437,1.033329465674828,1.0299226628811402,1.0558447463514617,1.0645171847110535,1.0810983568804102,1.1137582833701483,0.014202713286713287,0.00014845726293520467,0.013911737051360286,0.014493689522066288
13,3,2500,0,0.24830989010989013,0.22424249084249084,1.1101846958339716,0.001031285926646228,1.108163375417745,1.1122060162501983,1.1040462427745665,1.1775700934579438,1.2083406949352178,1.251383323213924,1.3793103448275863,0.024067399267399266,0.00022350166516954577,0.023629336003666956,0.024505462531131575
13,4,2500,0,0.29043626373626374,0.2613733516483516,1.1118759559781244,0.0010715175008653333,1.1097757816764284,1.1139761302798203,1.104604401770684,1.185628427882373,1.2128856175091192,1.263904320987654,1.3379790940766552,0.029062912087912087,0.000285795751059147,0.02850275241583616,0.029623071759988014
13,5,2500,0,0.31023648351648353,0.2866956043956044,1.082612336597632,0.0008109167553885701,1.0810229397570703,1.0842017334381935,1.0763266905508284,1.1383268117582384,1.158775713337757,1.196460893140314,1.2387387387387387,0.02354087912087912,0.00023427839355140152,0.023081693469518372,0.024000064772239867
13,6,2500,0,0.3314349816849817,0.30680714285714283,1.0802757928287177,0.0007923991089299966,1.078722690575215,1.0818288950822204,1.0753689167974883,1.1328179632867132,1.1543633495440162,1.1969441632764288,1.2751004016064258,0.024627838827838828,0.0002511968181474444,0.024135493064269837,0.02512018459140782
13,7,2500,0,0.3436340659340659,0.3213974882260596,1.0691706105260077,0.0006999255102768145,1.067798756525865,1.0705424645261503,1.0644217350200333,1.1155041628122109,1.1333368347338935,1.1716433826130013,1.2657342657342658,0.02223657770800628,0.0002304750479168198,0.02178484661408931,0.022688308801923247
13,8,2500,0,0.3544589285714286,0.33236785714285716,1.0663256878695258,0.0006770231209509662,1.0649987225524618,1.0676526531865898,1.0617249253882282,1.11392968653133,1.1289399291698126,1.1617558848669003,1.228538283062645,0.02209107142857143,0.00023149326027341273,0.02163734463843554,0.022544798218707317
13,9,2500,0,0.3623737484737485,0.34195311355311353,1.0596013166121039,0.0006025852093198542,1.058420249601837,1.0607823836223709,1.0543401514539035,1.0996307940406267,1.1147906046976512,1.14675306480462,1.2415875754961174,0.020420634920634922,0.0002124740091439855,0.02000418586271271,0.020837083978557134
13,10,2500,0,0.37125098901098896,0.3505883516483516,1.0587233553607602,0.0006092738187114447,1.0575291786760859,1.0599175320454346,1.054368997063924,1.0991420585876692,1.1155374774240223,1.1494351913145435,1.2175697865353037,0.020662637362637362,0.00021944322342443254,0.020232528644725474,0.02109274608054925
13,11,2500,0,0.3768787212787213,0.3577308691308691,1.0533885294053484,0.0005464483196905304,1.052317490698755,1.054459568111942,1.0487979969534083,1.0906118285098592,1.1042328595752828,1.134247247325997,1.1875427789185489,0.019147852147852147,0.00020102631123649983,0.01875384057782861,0.019541863717875686
13,12,2500,0,0.38333397435897437,0.3640986263736264,1.0526936200716408,0.0005483249508862397,1.0516189031679037,1.0537683369753779,1.0487439244472494,1.089089288374473,1.1028057889822596,1.1325065702594392,1.2239789196310935,0.019235347985347987,0.00020367172534194785,0.01883615140367777,0.019634544567018204
13,13,2500,0,0.38762273879966186,0.36929078613693994,1.049476351412172,0.0005014812710458245,1.0484934481209223,1.050459254703422,1.0452659438231025,1.0837660185731977,1.0971096875562385,1.1264308441701865,1.1796246648793565,0.018331952662721893,0.00019027730869342332,0.017959009137682783,0.018704896187761003
13,14,2500,0,0.3914440345368917,0.3735107535321821,1.047885764070218,0.000482865742247124,1.0469393472154136,1.0488321809250223,1.0440434788260875,1.0811675519407702,1.0939171498489337,1.1204003431400915,1.1564625850340136,0.017933281004709572,0.00018412740802802952,0.017572391284974634,0.01829417072444451
13,15,2500,0,0.39576549450549453,0.3781472527472528,1.0464098057597058,0.000477957571562799,1.0454730089194426,1.047346602599969,1.0427924694346626,1.0792304131231474,1.090432803423873,1.1139510499368217,1.1651848385587271,0.01761824175824176,0.0001854865998149971,0.017254688022604367,0.017981795493879155
13,16,2500,0,0.39995171703296706,0.382497184065934,1.0455148895486592,0.00045801265237694906,1.0446171847500003,1.0464125943473181,1.0416326808047853,1.0758105557766624,1.088937609927692,1.1114741777082133,1.1600653327888935,0.01745453296703297,0.0001796017149899779,0.01710251360565261,0.017806552328413328
13,17,2500,0,0.40308125404007755,0.38614499030381383,1.0437065699455939,0.00045347503997940396,1.0428177588672343,1.0445953810239534,1.0403671144140607,1.0745374160389143,1.0864476985584992,1.1084868506655243,1.174934725848564,0.016936263736263737,0.0001794965156097038,0.016584450565668717,0.017288076906858758
13,18,2500,0,0.4060677655677656,0.3890324786324786,1.04365958034344,0.00044396986691041656,1.0427893994042956,1.0445297612825846,1.0403894959675744,1.0740901100391171,1.0863849884914762,1.1104012062677016,1.1552494415487715,0.017035286935286935,0.00017676350300522715,0.01668883046939669,0.01738174340117718
13,19,2500,0,0.40854262579525735,0.3919950838635049,1.0420850097529784,0.0004382883159136937,1.0412259646537876,1.0429440548521691,1.038846636663506,1.0718092215554231,1.0818516360976476,1.108154595711074,1.1666053696211842,0.01654754193175246,0.00017551228727545395,0.016203537848692568,0.01689154601481235
13,20,2500,0,0.4117751648351648,0.3949871978021978,1.0424016935756906,0.00042863601413979375,1.0415615669879765,1.0432418201634046,1.0389705073181468,1.0716848235406435,1.082127358738844,1.1056629635849058,1.140873687775144,0.016787967032967033,0.0001723722150220858,0.016450117491523746,0.01712581657441032
13,21,2500,0,0.41370790162218735,0.39765442176870747,1.040242090076289,0.00040891570061429313,1.039440615303085,1.041043564849493,1.037137930007249,1.0676154625881327,1.0785762222864173,1.101308799985404,1.1484193011647255,0.016053479853479855,0.00016591417889803072,0.015728288062839716,0.016378671644119994
13,22,2500,0,0.41574475524475524,0.3997332667332667,1.039957583425576,0.0004087049446368571,1.039156521734088,1.0407586451170643,1.0372634927230038,1.0681721249582377,1.0785421541459024,1.1011989198467689,1.1542768273716952,0.016011488511488512,0.00016633213991457184,0.01568547751725595,0.016337499505721075
13,23,2500,0,0.4167240802675585,0.4009517916865743,1.0392145095838023,0.00039530411426955917,1.038439713519834,1.0399893056477707,1.0359988974223984,1.0661362958845164,1.0768563195995164,1.0953000872803975,1.1431492842535786,0.015772288580984235,0.00016219809525326985,0.015454380314287827,0.016090196847680645
13,24,2500,0,0.41981662087912086,0.4040249084249084,1.0390014615376706,0.00039652159211697334,1.0382242792171212,1.03977864385822,1.0356501282917945,1.0657552498371292,1.076269194278472,1.0991792441805102,1.1511951083935519,0.015791712454212452,0.0001625617171919817,0.015473091488516168,0.016110333419908737
13,25,2500,0,0.42105718681318677,0.40559327472527473,1.0380620657407258,0.00038685226370454315,1.0373038353038648,1.0388202961775868,1.0349396608893795,1.064548785308539,1.074816297680237,1.098391375880501,1.1420193778684344,0.015463912087912087,0.00015910857327725518,0.015152059284288666,0.015775764891535506
13,26,2500,0,0.4227612003381234,0.4076154268808115,1.037047281357402,0.00038228092744084936,1.036298010739618,1.0377965519751862,1.0341720792087536,1.0625174448109618,1.0720619490357322,1.095096027693115,1.150952495780082,0.015145773457311919,0.00015912423224320185,0.014833889962115243,0.015457656952508595
13,27,2500,0,0.4243585673585673,0.409417908017908,1.0363957683853988,0.0003714857487595288,1.0356676563178302,1.0371238804529674,1.0334961853180964,1.0610411174256915,1.0700612401626481,1.0931028125290607,1.1213200379867045,0.01494065934065934,0.00015485749980449632,0.014637138641042527,0.015244180040276152
13,28,2500,0,0.4258486263736264,0.4108454866562009,1.036415067990239,0.0003699715681616183,1.0356899237166424,1.0371402122638358,1.0338899645948558,1.0616774465680998,1.071972139900551,1.0877086328746943,1.125456760048721,0.015003139717425432,0.00015458222736265326,0.014700158551794632,0.015306120883056232
13,29,2500,0,0.4276460401667298,0.41289840848806364,1.0356373254394107,0.0003556784773950841,1.0349401956237163,1.036334455255105,1.033173016129582,1.0585866088094253,1.068870199077281,1.0876314717305875,1.1263711151736746,0.014747631678666162,0.0001493641139665954,0.014454878015291635,0.015040385342040689
13,30,2500,0,0.42926263736263737,0.4144735164835165,1.035591550195248,0.00037120972660016654,1.0348639791311116,1.0363191212593843,1.03229411150642,1.0598251561331862,1.0705873355925846,1.0933277591973243,1.164543057996485,0.014789120879120878,0.00015645914043329565,0.014482460963871619,0.015095780794370137
13,31,2500,0,0.4308226869904289,0.41618167316554416,1.0350858013190956,0.0003588970108784736,1.0343823631777738,1.0357892394604173,1.032258064516129,1.0591194498181795,1.0689827607121547,1.0882672462305294,1.1204099060631938,0.014641013824884794,0.00015174128238177795,0.01434360091141651,0.014938426738353078
13,32,2500,0,0.4306416895604396,0.4161458104395605,1.0347367919366712,0.00036256482950787814,1.0340261648708358,1.0354474190025067,1.0316012227362363,1.0585342608830897,1.0686853400502667,1.0938078864150802,1.1402499504066654,0.01449587912087912,0.00015354890970616577,0.014194923257855036,0.014796834983903205
13,33,2500,0,0.4328477855477855,0.4181817182817183,1.0349712763358536,0.0003524770982336654,1.0342804212233156,1.0356621314483916,1.0326251136124438,1.058044072442912,1.0671186887436888,1.0877375613279352,1.1501069414738478,0.014666067266067267,0.0001501104518744933,0.01437185078039326,0.014960283751741273
13,34,2500,0,0.43408141564318037,0.41926793794440853,1.0352340366782613,0.0003537245221891122,1.0345407366147708,1.0359273367417519,1.0321905378760232,1.0601506100495584,1.0686644819500892,1.0876319169002984,1.1215513794482208,0.014813477698771817,0.00015111276534530074,0.014517296678695028,0.015109658718848605
13,35,2500,0,0.4347694819466248,0.4205454945054945,1.0337528145448398,0.00034412001322925277,1.0330783393189105,1.0344272897707691,1.0312120576333874,1.0565164967700076,1.0660450231935483,1.0853587026429308,1.1353129445234709,0.0142239874411303,0.00014641293930595396,0.01393701808009063,0.01451095680216997
13,36,2500,0,0.4359275335775336,0.42172823565323564,1.0335824763328978,0.0003423898838941851,1.0329113921604651,1.0342535605053305,1.0309134880019721,1.05636289623886,1.065245594673637,1.0883225864792536,1.1188874750045446,0.014199297924297923,0.00014705836170135868,0.01391106353536326,0.014487532313232585
13,37,2500,0,0.4374922185922186,0.423165844965845,1.033776328194212,0.0003421167607282024,1.0331057793431848,1.0344468770452393,1.0308423824295625,1.0562685130338663,1.0654387836979418,1.0849290436249748,1.1267486937468396,0.014326373626373623,0.0001468228275599771,0.014038600884356068,0.014614146368391178
13,38,2500,0,0.43776275303643725,0.4237179005205321,1.0330904739395081,0.00032993954058052805,1.0324437924399703,1.033737155439046,1.0305465582900823,1.0552025083182537,1.064587989712366,1.082371825824612,1.1149349580108678,0.014044852515905148,0.00014131397774173646,0.013767877119531344,0.014321827912278953
13,39,2500,0,0.43808929275852354,0.4241374189912651,1.0328238187540362,0.00033710055067272043,1.0321631016747177,1.0334845358333546,1.0301292353706883,1.0550738236095683,1.064156956488408,1.0847038522377253,1.1261382799325463,0.013951873767258382,0.00014502065167721573,0.013667633289971039,0.014236114244545725
13,40,2500,0,0.4395092032967033,0.42562725274725277,1.0325501004408641,0.000324206172445855,1.0319146563428703,1.033185544538858,1.0302251600490753,1.0549654519290588,1.0627545795415598,1.079488782051282,1.133194087403599,0.01388195054945055,0.0001396861547700877,0.013608165686101178,0.014155735412799922
13,41,2500,0,0.440566094880729,0.4266585901902975,1.0325271716034774,0.00033395706426965455,1.0318726157575089,1.033181727449446,1.0299010856922983,1.0544276813220106,1.0656006820589419,1.0821264291630712,1.1135496183206106,0.01390750469043152,0.00014433256700279568,0.013624612859106041,0.014190396521757
13,42,2500,0,0.44087904238618525,0.42707218733647306,1.0322855405795874,0.0003122332808046489,1.0316735633492102,1.0328975178099646,1.0300827210826657,1.052454946919861,1.0602911660607663,1.0795796920914953,1.1136872401662936,0.013806855049712194,0.00013455191355729118,0.013543133299139903,0.014070576800284486
13,43,2500,0,0.4416537694863276,0.4279989266547406,1.0318472879300051,0.0003325147489581813,1.0311955590220472,1.032499016837963,1.029387572197788,1.0544801993548623,1.0626980275440288,1.082206660622881,1.1326470588235293,0.013654842831587018,0.00014397994017893083,0.013372642148836314,0.013937043514337723
13,44,2500,0,0.4422458291708292,0.42853703796203796,1.0319111438609838,0.0003215743490896503,1.031280858136768,1.0325414295851996,1.029528531493737,1.053628578818162,1.0620732358654896,1.0779466940570557,1.116831683168317,0.013708791208791208,0.00013984693733142719,0.013434691211621611,0.013982891205960805
13,45,2500,0,0.4435659829059829,0.43009269841269837,1.0312528142421786,0.0003224192466982554,1.03062087251865,1.0318847559657072,1.028828117562819,1.0526845512261918,1.0611146445373842,1.079703205559746,1.1328690427420456,0.013473284493284495,0.00014058821648006177,0.013197731588983574,0.013748837397585416
13,46,2500,0,0.4438490922121357,0.430395054945055,1.031198374798747,0.00031675328947613124,1.0305775383513738,1.0318192112461202,1.0288347075387703,1.052147494532985,1.0604562258288222,1.0795367603219155,1.1194174757281554,0.013454037267080747,0.00013814848748094387,0.013183266231618097,0.013724808302543396
13,47,2500,0,0.4448183539864391,0.43154741641337385,1.0307118049903154,0.00031028622453161054,1.0301036439902336,1.0313199659903973,1.0279781914546289,1.0515205990919574,1.0598361746297777,1.0776116442888664,1.0982421321236178,0.01327093757306523,0.00013499766854298907,0.013006342142720973,0.013535533003409489
13,48,2500,0,0.4450774954212454,0.43150501373626377,1.03139027726509,0.00031106421041418965,1.0307805914126782,1.0319999631175019,1.0289995393708007,1.0523332776943932,1.0605016325114658,1.077177055145884,1.0974170709322144,0.013572481684981687,0.00013606936257896693,0.013305785734326912,0.013839177635636461
13,49,2500,0,0.44572128279883383,0.43240222022875086,1.0307550824439151,0.000307092371822294,1.0301531813951434,1.0313569834926868,1.0287170526959575,1.0505783724753615,1.0596349694794516,1.0747675427467371,1.103960396039604,0.013319062570082977,0.00013407698427114019,0.013056271680911542,0.013581853459254412
13,50,2500,0,0.4468221098901099,0.4334168791208791,1.0308820066303515,0.00030685071408588786,1.030280579230743,1.03148343402996,1.0282982901196989,1.0509327833893751,1.0591870826187413,1.0759938780866662,1.1189028174258409,0.01340523076923077,0.00013467287497670967,0.01314127193427642,0.01366918960418512
14,3,2500,0,0.2495387545787546,0.2251519413919414,1.1108228204788,0.0009609785254373635,1.1089393025689427,1.1127063383886573,1.104827286850041,1.1751967011091098,1.1954644268774703,1.2440805347931359,1.3228346456692914,0.024386813186813187,0.0002108105980424756,0.023973624414649935,0.02480000195897644
14,4,2500,0,0.2924283516483517,0.26291450549450546,1.1127961483887787,0.0010388816532688472,1.1107599403483717,1.1148323564291858,1.1056070046659838,1.1818181818181819,1.2077684210526316,1.2529856955871352,1.3820754716981132,0.029513846153846158,0.000281095167165963,0.02896289962620087,0.030064792681491447
14,5,2500,0,0.31149345054945055,0.287968,1.082071440425569,0.0007990749733008034,1.0805052534778994,1.0836376273732384,1.0766072872674992,1.136039410842539,1.154235249412547,1.2021319013200311,1.2901353965183753,0.02352545054945055,0.00023190107683957828,0.023070924438844977,0.023979976660056124
14,6,2500,0,0.33072410256410256,0.3057827106227106,1.0814956873293544,0.0007613876164082897,1.0800033676011942,1.0829880070575146,1.0763932865902446,1.135034801574543,1.1523699781999377,1.1876661862727431,1.2377398720682302,0.02494139194139194,0.00024160680732376508,0.02446784259903736,0.02541494128374652
14,7,2500,0,0.34244684458398744,0.3206378649921507,1.0678748096714739,0.0006478691970412029,1.066604986045273,1.0691446332976746,1.0625643799608886,1.1100817122597393,1.1259918980524617,1.1651597553668465,1.215568862275449,0.02180897959183673,0.00021570250022748518,0.02138620269139086,0.022231756492282602
14,8,2500,0,0.35501945054945055,0.3326806593406593,1.0671035927515367,0.0006526180762036125,1.0658244613221777,1.0683827241808956,1.0619768173508193,1.1103572489601903,1.12862184564193,1.1596131996783061,1.2724458204334366,0.022338791208791207,0.0002209968394253584,0.021905637403517503,0.02277194501406491
14,9,2500,0,0.3619139438339439,0.341537094017094,1.0595665961380427,0.0005736968231809986,1.058442150364608,1.0606910419114775,1.0557222245435174,1.096378041404588,1.114367633261528,1.144635208828127,1.193771626297578,0.02037684981684982,0.00020032583714419343,0.0199842111760472,0.02076948845765244
14,10,2500,0,0.3705941098901099,0.3503418901098901,1.0576990861651498,0.0005752823374196831,1.0565715327838072,1.0588266395464925,1.0534509799565137,1.0952161065563975,1.111558336531608,1.1452031546615173,1.195569962182604,0.02025221978021978,0.000207325468807101,0.019845861861357863,0.020658577699081696
14,11,2500,0,0.37653338661338664,0.35746173826173827,1.053224278143089,0.000512221810845524,1.0522203233938316,1.0542282328923462,1.049835043055382,1.087432562745967,1.100116482995128,1.13119293301941,1.1759514616657474,0.019071648351648353,0.00018805268303183142,0.018703065092905962,0.019440231610390744
14,12,2500,0,0.38239406593406594,0.36351787545787545,1.0517641745708703,0.0004860725414776094,1.0508114723895743,1.0527168767521664,1.0485490561120794,1.0837339070348393,1.095301567780959,1.1252569894668774,1.1703239289446186,0.018876190476190477,0.00018138791561677698,0.018520670161581595,0.01923171079079936
14,13,2500,0,0.38792081149619606,0.3696913609467456,1.0491462469308799,0.0004825713742316513,1.0482004070373858,1.050092086824374,1.0456931815058308,1.0818940764324576,1.0929985193012384,1.1190391908836825,1.1558849955076371,0.01822945054945055,0.0001829373615903935,0.017870893320733376,0.01858800777816772
14,14,2500,0,0.3914524960753532,0.37349777080062796,1.0478712097714833,0.0004852029600717315,1.0469202119697427,1.0488222075732239,1.0439710245363556,1.0795474308300395,1.0926277134419535,1.1244948244425876,1.1936097375427919,0.017954725274725275,0.0001871825068042877,0.01758784756138887,0.01832160298806168
14,15,2500,0,0.39536896703296703,0.37809939926739927,1.0455431957511352,0.00044589186724762546,1.0446692476913297,1.0464171438109406,1.0423151271144775,1.0757244678059712,1.0866106201477719,1.1127249979824325,1.177264653641208,0.017269567765567765,0.00017305896827780624,0.016930372187743264,0.017608763343392266
14,16,2500,0,0.40016868131868133,0.3823644505494505,1.0464259550845583,0.0004571565519836142,1.0455299282426704,1.047321981926446,1.0426580722384875,1.0762686202966145,1.0899438563052892,1.115631427042318,1.1768399023369376,0.01780423076923077,0.00017888862846712872,0.017453609057435197,0.018154852481026343
14,17,2500,0,0.4013646024563671,0.3845025468648998,1.0437170362434791,0.00043011229912742115,1.0428740161371894,1.0445600563497688,1.0401185824696038,1.0728637063957358,1.0843566335961372,1.1058836201963607,1.177346278317152,0.016862055591467355,0.00016964673192129811,0.016529547996901612,0.017194563186033098
14,18,2500,0,0.40580400488400487,0.3891238583638583,1.0427674838931997,0.0004298422223503685,1.041924993137393,1.0436099746490064,1.0388266437206077,1.0711720546867651,1.0844576036411973,1.107720627455572,1.1526431029089772,0.01668014652014652,0.00017056825566507224,0.016345832739042977,0.01701446030125006
14,19,2500,0,0.4080222093695778,0.39177883169462113,1.0413543401034389,0.0004048835043218591,1.040560768434968,1.0421479117719097,1.038377502525762,1.0685658997850394,1.0801473616012478,1.1001685729146282,1.1368247874965725,0.01624337767495662,0.00016217491551773276,0.015925514840541867,0.016561240509371376
14,20,2500,0,0.410757978021978,0.39468663736263737,1.0406152782897398,0.0003994856347925934,1.0398322864455463,1.0413982701339333,1.0375013736293006,1.0674187973965794,1.0773263974994038,1.1024225861002266,1.1401201029453818,0.01607134065934066,0.00016057082976811648,0.01575662183299515,0.016386059485686166
14,21,2500,0,0.41203047619047617,0.39625000523286236,1.0396964335360197,0.0003840052172465709,1.0389437833102164,1.040449083761823,1.0371080801118584,1.0646364295997388,1.075567022111455,1.0960435724721471,1.1688346164056278,0.015780470957613816,0.00015600376818994177,0.01547470357196153,0.016086238343266102
14,22,2500,0,0.4148087112887113,0.3992075924075924,1.0389960759530945,0.00038668429534508995,1.0382381747342182,1.0397539771719708,1.0357774955708643,1.0651275703007266,1.0742091934558202,1.0995055741347717,1.136665780377559,0.015601118881118882,0.00015675210402682678,0.015293884757226301,0.015908353005011464
14,23,2500,0,0.4165273196368849,0.40121230769230776,1.0380807155829919,0.0003799192060392969,1.0373360739391548,1.038825357226829,1.0345975631092328,1.0633250512291217,1.0735261621546681,1.0924417920140777,1.1326344576116683,0.015315011944577163,0.0001555281114191704,0.01501017684619559,0.015619847042958736
14,24,2500,0,0.4184088644688645,0.40347919413919414,1.0369191928411468,0.0003533817201282783,1.0362265646696953,1.0376118210125982,1.0343922968473467,1.0599868338218748,1.0699654920884298,1.089261018516378,1.128595600676819,0.01492967032967033,0.00014507963222455507,0.014645314250510202,0.015214026408830458
14,25,2500,0,0.42030132747252746,0.4051771428571429,1.037213883795676,0.0003795907203992392,1.0364698859836934,1.0379578816076585,1.0337503088408866,1.0620467662446544,1.0728025690314207,1.0969848780945677,1.1316607460035524,0.015124184615384619,0.00015695060186800614,0.014816561435723326,0.015431807795045912
14,26,2500,0,0.4221171259509721,0.4070924767540153,1.0368064154186756,0.00036866920031015005,1.0360838237860677,1.0375290070512835,1.0342695249660503,1.0612496738937005,1.0708132721706567,1.0957749879851013,1.1222810111699,0.015024649196956893,0.00015296111745237147,0.014724845406750245,0.01532445298716354
14,27,2500,0,0.42401155881155883,0.40931998371998374,1.035826502528454,0.0003453743624455388,1.0351495687780607,1.0365034362788474,1.0334837140975635,1.0593220504925334,1.0685078097595786,1.0867505568644247,1.1114200595829196,0.014691575091575091,0.00014310422580680415,0.014411090808993755,0.014972059374156427
14,28,2500,0,0.4253055886970173,0.4108078806907378,1.0351753327274558,0.000343007131144195,1.034503038750413,1.0358476267044985,1.0325228996134062,1.058751692401402,1.0674610141490708,1.0850390512892687,1.111655978875896,0.014497708006279435,0.00014417389109594886,0.014215127179731375,0.014780288832827495
14,29,2500,0,0.4260234331186056,0.4118639787798408,1.034297048040036,0.0003562204439637012,1.0335988559698672,1.0349952401102047,1.0311924271302957,1.0582972801658301,1.067947188196391,1.0909616337053376,1.1286685755189692,0.014159454338764683,0.00014940611729602187,0.01386661834886448,0.014452290328664887
14,30,2500,0,0.4280871208791209,0.4137310183150183,1.0345924302610565,0.00034067843056304926,1.033924700537153,1.03526015998496,1.0315933681737057,1.0574207114901057,1.0668295182569265,1.08721760759204,1.1287248787248787,0.014356102564102566,0.00014401414745856552,0.014073834835083777,0.014638370293121355
14,31,2500,0,0.4291177880184332,0.41484557249202414,1.0343263739282753,0.00032609006997818255,1.0336872373911181,1.0349655104654325,1.0320398540755271,1.0563435230999403,1.064944445462809,1.0827008814099024,1.1081038303260526,0.014272215526409076,0.00013761256773751294,0.01400249489364355,0.0145419361591746
14,32,2500,0,0.4307146153846154,0.4167439010989011,1.03344528140529,0.0003352811731572794,1.0327881303059017,1.0341024325046781,1.0310732965704668,1.054966597294348,1.0645434868632466,1.0851304177727668,1.1241930003397893,0.013970714285714286,0.00014179375969976415,0.013692798516702749,0.014248630054725823
14,33,2500,0,0.4318896836496836,0.4179187212787213,1.033350913572469,0.0003299771318519242,1.0327041583940393,1.0339976687508987,1.0310397848380388,1.0558049399064697,1.0646507197280572,1.0827191845354702,1.109442060085837,0.013970962370962372,0.0001401463401627009,0.013696275544243477,0.014245649197681266
14,34,2500,0,0.4325380478345184,0.4187002973497091,1.0329941766435211,0.0003172739267254551,1.0323723197471393,1.033616033539903,1.0305321028498151,1.0545403911620188,1.0627160545857643,1.0784010377023932,1.1108191653786708,0.013837750484809312,0.00013464254349723477,0.013573851099554732,0.014101649870063892
14,35,2500,0,0.4330888288854003,0.41945986813186814,1.0324514762517771,0.00031202126074143696,1.031839914580724,1.0330630379228303,1.0299733450150999,1.0526253588293821,1.0617090281332164,1.077260578346414,1.1222675604779948,0.01362896075353218,0.0001323491523401636,0.01336955641494546,0.0138883650921189
14,36,2500,0,0.43524056166056163,0.42128547008547007,1.033033150772088,0.000315973596877401,1.0324138425222082,1.0336524590219678,1.0305463320370736,1.053455387666667,1.0615731315280563,1.0790822939968305,1.118457300275482,0.013955091575091574,0.00013590357696961286,0.013688720564231134,0.014221462585952015
14,37,2500,0,0.4360980576180576,0.42256822096822094,1.031942126941983,0.00031761138235490135,1.0313196086325676,1.0325646452513986,1.0293194606260099,1.0531030824726617,1.061872482688301,1.077916910338198,1.1197476171298162,0.01352983664983665,0.00013644818754046274,0.013262398202257343,0.013797275097415957
14,38,2500,0,0.4378555696934644,0.42406607287449394,1.0324411620316096,0.00031738901666894325,1.0318190795589386,1.0330632445042807,1.030183397772996,1.053085599833738,1.061547232673304,1.0807446650498684,1.130833770319874,0.013789496818970503,0.0001368108368220071,0.013521347578799369,0.014057646059141636
14,39,2500,0,0.43800613130459287,0.4244966356720203,1.0317415023585514,0.0003191647799811402,1.0311159393897884,1.0323670653273145,1.0289384802752652,1.0531789250353607,1.061335479682631,1.0805485082652582,1.1309797902276797,0.013509495632572555,0.00013795104637819055,0.013239111581671301,0.013779879683473809
14,40,2500,0,0.4383033406593406,0.4250810769230769,1.0310442832850628,0.00030015820436842433,1.0304559732045007,1.031632593365625,1.0290753673013249,1.051114211223184,1.0587198748080207,1.0733704756963947,1.1145212428662017,0.013222263736263739,0.00012908026643739765,0.01296926641404644,0.013475261058481038
14,41,2500,0,0.43872889841865453,0.42559189493433397,1.0308075183566463,0.0002946824434757797,1.0302299407674338,1.0313850959458588,1.0287621207913533,1.050084516327337,1.0585223727070063,1.0731425224902282,1.1090304299618086,0.013137003484320559,0.0001270655561405394,0.012887954994285102,0.013386051974356016
14,42,2500,0,0.4405622187336473,0.42724837257980114,1.0311082092561943,0.0003001866386027478,1.0305198434445328,1.0316965750678557,1.0288427486488516,1.051434007834108,1.0584984410324834,1.075876975586316,1.1007826610475617,0.013313846153846154,0.00012988136811337787,0.013059278672343933,0.013568413635348374
14,43,2500,0,0.44135067722974697,0.42798814209046765,1.0311541411053304,0.0003001978873689934,1.0305657532460872,1.0317425289645736,1.0289716841566066,1.051666540607483,1.0594941074488697,1.073985570599655,1.1100739483573767,0.013362535139279324,0.00013032225033862528,0.013107103528615618,0.01361796674994303
14,44,2500,0,0.4416434365634366,0.42867864135864137,1.0301748810902243,0.00029190168610858977,1.0296027537854515,1.030747008394997,1.0281285762168115,1.049530920361479,1.0575382720122706,1.0738761073725867,1.104943820224719,0.012964795204795206,0.00012680433431394453,0.012716258709539876,0.013213331700050537
14,45,2500,0,0.4430211672771672,0.4298799706959707,1.0305206255294586,0.0002956548435002344,1.0299411420361981,1.031100109022719,1.0284340183393308,1.0500683359598368,1.057381610145521,1.074895204186261,1.107817328602495,0.013141196581196581,0.00012841101586373853,0.012889510990103653,0.013392882172289509
14,46,2500,0,0.4438471667462972,0.4306519827998089,1.0305715988814719,0.00030075708236757453,1.0299821150000315,1.0311610827629123,1.0277452098195798,1.0506077719346385,1.0595637585052269,1.07324981544535,1.1050744322503532,0.013195183946488293,0.00013146390148815107,0.012937514699571518,0.013452853193405069
14,47,2500,0,0.4439132288987608,0.4308050689735796,1.030373607832934,0.00028769694792761725,1.0298097218149957,1.0309374938508722,1.0284544420686705,1.050086162736275,1.0565079829868675,1.07065714822968,1.1053970946877318,0.0131081599251812,0.00012547273011911838,0.012862233374147727,0.013354086476214673
14,48,2500,0,0.4451340293040293,0.43212036630036627,1.0300530345335703,0.00028366048150959953,1.0294970599898114,1.0306090090773292,1.028077482240802,1.0489088884486504,1.0561982768081268,1.0708140485006248,1.117062679229824,0.013013663003663004,0.00012451374963140042,0.012769616054385459,0.013257709952940549
14,49,2500,0,0.44516316662928906,0.43230204081632656,1.029698506922872,0.0002886139914477168,1.0291328234996344,1.0302641903461094,1.0274869359003898,1.0484447065117006,1.0562242289058008,1.0735471164974963,1.1110032362459548,0.012861125812962547,0.00012616178821552598,0.012613848708060116,0.013108402917864978
14,50,2500,0,0.4459862681318681,0.4332808791208791,1.0292749563762973,0.00028587386195541895,1.0287146436068646,1.02983526914573,1.026886049284099,1.0488236895254288,1.0560136520354926,1.0724499578635087,1.09822309970385,0.012705389010989011,0.000125136756114294,0.012460120969004994,0.012950657052973028
15,3,2500,0,0.2493307142857143,0.2248847619047619,1.110669034170284,0.0009220529698548549,1.1088618103493686,1.1124762579911995,1.104532614278377,1.1696498508019397,1.1939418777943367,1.2419493634536227,1.3123209169054442,0.024445952380952384,0.00020357984702518533,0.02404693588078302,0.024844968881121747
15,4,2500,0,0.29167339285714283,0.2619717857142857,1.114080606112228,0.0010026943441521024,1.1121153251976899,1.116045887026766,1.1076070134438845,1.1837335253916785,1.2049637346930497,1.2538222270223565,1.3576923076923078,0.02970160714285714,0.00026832314451158493,0.029175693779614435,0.030227520506099847
15,5,2500,0,0.3106878571428572,0.2868738571428571,1.083139573258742,0.0007298971241653019,1.081708974895378,1.0845701716221061,1.0789181286549707,1.1321496132603688,1.1514210085105605,1.1833098617376314,1.2582159624413145,0.023814,0.00021628088104725795,0.02339008947314737,0.024237910526852625
15,6,2500,0,0.33094035714285713,0.3058282142857143,1.0819594086381947,0.0007306426745751055,1.0805273489960274,1.083391468280362,1.0776878094007194,1.132259407875741,1.1486916742431368,1.180026926292816,1.2407045009784736,0.025112142857142857,0.0002332128001132493,0.02465504576892089,0.025569239945364825
15,7,2500,0,0.341555306122449,0.3200869387755102,1.0669367452768994,0.0006402305484544198,1.0656818934019288,1.06819159715187,1.0625439435151354,1.1098135839326653,1.1254466699666534,1.1591446473757594,1.2212581344902387,0.02146836734693878,0.00021314986888971096,0.021050593603914945,0.02188614108996261
15,8,2500,0,0.35395,0.33188892857142854,1.0664364028887037,0.0006078267288110808,1.0652450625002339,1.0676277432771735,1.061969806885279,1.1071530032467534,1.1225406257243529,1.1571237602081563,1.1988756148981026,0.02206107142857143,0.00020610400284291596,0.021657107582999314,0.022465035274143546
15,9,2500,0,0.3634195238095238,0.34320357142857144,1.058787563588028,0.0005407513769982229,1.0577276908891113,1.0598474362869446,1.055090807756616,1.0963837016216968,1.1096169774106293,1.1363665315576144,1.181441161223432,0.020215952380952383,0.00019211962634224384,0.019839397913321587,0.02059250684858318
15,10,2500,0,0.3705027857142857,0.35027657142857144,1.057618007747692,0.0005466371797457234,1.0565465988753904,1.0586894166199936,1.0535666462621471,1.093460656829624,1.107911384567758,1.1395683085834014,1.1845303867403314,0.020226214285714285,0.00019729963916892835,0.019839506992943186,0.020612921578485384
15,11,2500,0,0.37687597402597406,0.35771142857142857,1.0534798056164691,0.0004925350511912519,1.0525144369161343,1.054445174316804,1.049882342518922,1.0857857716134867,1.0992173289723772,1.1250588031031978,1.1788810086682426,0.01916454545454545,0.00018067700282996507,0.01881041852899872,0.019518672380092184
15,12,2500,0,0.38222738095238096,0.3634110119047619,1.0516248104886659,0.0004888155768268551,1.0506667319580851,1.0525828890192466,1.0482432730407758,1.0850682126272677,1.0960964297933438,1.1234819799085578,1.1787201817493373,0.018816369047619047,0.0001819821355854877,0.01845968406187149,0.019173054033366603
15,13,2500,0,0.38605065934065935,0.3680153296703297,1.0488770768708175,0.00046390122968377055,1.0479678304606375,1.0497863232809976,1.0456748732066425,1.0798411393219802,1.093482667993906,1.116447952544967,1.1667356226727348,0.01803532967032967,0.00017428121578526526,0.01769373848739055,0.01837692085326879
15,14,2500,0,0.3904486224489796,0.37273688775510205,1.047396412316061,0.00043509019074131056,1.0465436355422082,1.048249189089914,1.0439520523065746,1.0774149999960925,1.0890313479623823,1.110181808138973,1.157167530224525,0.01771173469387755,0.00016608582294978406,0.017386206480895974,0.018037262906859124
15,15,2500,0,0.39518947619047623,0.37770290476190477,1.0461891473487497,0.00042554239707549927,1.0453550842504817,1.0470232104470176,1.0435860817304117,1.0756476231417984,1.0855678488887184,1.1084021700189362,1.1460781200381074,0.017486571428571428,0.00016456103335544682,0.017164031803194753,0.017809111053948102
15,16,2500,0,0.3981888392857143,0.38105241071428575,1.044824603974356,0.0004163470495465893,1.0440085637572447,1.0456406441914674,1.0415031500255179,1.072669897214616,1.0829019889696383,1.1081566664129237,1.162309681126113,0.01713642857142857,0.00016330743488445317,0.01681634599905504,0.0174565111438021
15,17,2500,0,0.4011002100840336,0.3845840756302521,1.042849572515773,0.0004311856547388952,1.0420044486324846,1.0436946963990612,1.0390354304440343,1.071551303009737,1.0842289620773322,1.1108804426969565,1.1716118684843624,0.016516134453781514,0.000169347035927334,0.01618421426336394,0.016848054644199088
15,18,2500,0,0.4039456746031746,0.3876688095238095,1.0418753122579034,0.0003838683847910406,1.041122930223713,1.0426276942920938,1.0394874476987448,1.0672873541673904,1.0759627876082656,1.0998541379836204,1.1387547649301144,0.016276865079365082,0.00015234022870711894,0.015978278231099128,0.016575451927631036
15,19,2500,0,0.4076846616541353,0.3917586090225564,1.0405499977582826,0.00038687447848169903,1.0397917237804586,1.0413082717361066,1.0376271379130744,1.0659339199321423,1.077261171113864,1.099521123040759,1.1508650519031143,0.01592605263157895,0.00015475459530229918,0.015622733624786443,0.016229371638371456
15,20,2500,0,0.4096991071428572,0.39371317857142857,1.0404905601995338,0.0003758206827208226,1.039753951661401,1.0412271687376666,1.0376962769442732,1.0653914620761185,1.076310506489987,1.0947019990081355,1.130978026712624,0.015985928571428575,0.00015116800281613144,0.015689639285908958,0.01628221785694819
15,21,2500,0,0.4123366666666667,0.3967911224489796,1.039088656235308,0.00036822418714959866,1.038366936828495,1.0398103756421213,1.0364653479516854,1.0634968382289869,1.0720270093093507,1.0939936115125877,1.1415156147630487,0.015545544217687075,0.00014887898239244294,0.015253741412197886,0.01583734702317626
15,22,2500,0,0.4142695779220779,0.39914363636363637,1.0377993203330327,0.00034771268510073327,1.0371178034702353,1.03848083719583,1.035310076275115,1.0614359833445821,1.0706032142959245,1.0894422326226738,1.1209692451071762,0.015125941558441556,0.00014198214682198317,0.014847656550670468,0.015404226566212643
15,23,2500,0,0.41597012422360247,0.40097639751552794,1.0373087070802858,0.00035320756056029276,1.0366164202615875,1.038000993898984,1.0347686946415013,1.0607465006112566,1.070018824308518,1.0886667758520698,1.136694575900983,0.014993726708074535,0.000143940475594547,0.014711603375909224,0.015275850040239847
15,24,2500,0,0.41810107142857145,0.4030642857142857,1.0372302301172083,0.0003460125841650254,1.0365520454522448,1.0379084147821718,1.034524090790553,1.0604518610015226,1.069443039216269,1.087254714171055,1.1379631353565445,0.015036785714285716,0.0001420276295152025,0.014758411560435919,0.015315159868135513
15,25,2500,0,0.4190256857142857,0.4043923142857143,1.0360928485718395,0.00034073330494215645,1.0354250112941528,1.0367606858495262,1.0334956400114068,1.057822620979188,1.0673839921886954,1.0910027203950985,1.123000761614623,0.014633371428571428,0.00014086417496539998,0.014357277645639243,0.014909465211503612
15,26,2500,0,0.4216373626373626,0.40700071428571427,1.0358645932492203,0.0003342937726566266,1.0352093774548132,1.0365198090436274,1.033477267986562,1.0584823665730356,1.067514185113289,1.086151141035674,1.1139562489401391,0.014636648351648353,0.00013875976959660667,0.014364679203239004,0.014908617500057703
15,27,2500,0,0.42312193121693126,0.40869357142857143,1.0352374576685797,0.0003305141959836326,1.0345896498444518,1.0358852654927075,1.032365890735371,1.057546092511679,1.0664288247892348,1.0848530042414968,1.1121584917718486,0.014428359788359787,0.00013724361836682552,0.01415936229636081,0.014697357280358765
15,28,2500,0,0.42472701530612245,0.4102437755102041,1.0352305579661822,0.0003355344846268783,1.0345729103763135,1.035888205556051,1.0333200862639342,1.0569958187631667,1.066202679538694,1.0831972384053292,1.1315102166231372,0.014483239795918364,0.00014000539098563697,0.014208829229586516,0.014757650362250213
15,29,2500,0,0.4261136699507389,0.4119227339901478,1.0343696489728116,0.000326797064468204,1.033729126726454,1.0350101712191693,1.0321524501480175,1.0558614947371627,1.0643744945155116,1.0805357590998395,1.1527235948562347,0.014190935960591133,0.00013692459781696316,0.013922563748869885,0.01445930817231238
15,30,2500,0,0.4270375238095238,0.4129176904761905,1.0341020337521336,0.00031482786755469665,1.0334849711317264,1.0347190963725408,1.031898464931055,1.055388609302258,1.0632894702167095,1.0786175353905052,1.1131671509405108,0.014119833333333333,0.00013234354948212578,0.013860439976348367,0.0143792266903183
15,31,2500,0,0.42862500000000003,0.41488569124423963,1.033019419340665,0.0003039051505231671,1.0324237652456396,1.0336150734356904,1.030727240847782,1.0546264304583428,1.0605870123998975,1.0784614629465814,1.1005608974358974,0.013739308755760368,0.00012894219819793224,0.01348658204729242,0.013992035464228315
15,32,2500,0,0.4297568973214286,0.41594718750000004,1.0331297452278774,0.00031200290807233925,1.0325182195280556,1.0337412709276992,1.031159243263616,1.0540510505264815,1.061297590833987,1.0786990983859377,1.1211590296495957,0.013809709821428573,0.0001315119617795789,0.013551946376340598,0.014067473266516547
15,33,2500,0,0.43092541125541123,0.41725603896103897,1.0326784910713909,0.0003052883048944689,1.0320801259937977,1.033276856148984,1.0301255117431587,1.053253005473926,1.05999679954382,1.0790137013389198,1.109866947701225,0.013669372294372295,0.000129757255656333,0.013415048073285881,0.013923696515458708
15,34,2500,0,0.43272460084033615,0.41912334033613446,1.0323904658555152,0.00030536620687977915,1.0317919480900308,1.0329889836209996,1.0303615088373683,1.0525879339608715,1.0597619458455054,1.0753069225058944,1.1364270318245213,0.01360126050420168,0.0001298556789167759,0.0133467433735248,0.01385577763487856
15,35,2500,0,0.4336914081632653,0.42005248979591836,1.0323929610830385,0.0003066160743362787,1.0317919935773394,1.0329939285887375,1.02971832375147,1.0523982967214545,1.0614687194455585,1.0796906881629733,1.1276849642004774,0.013638918367346941,0.00013085648374745358,0.013382439659201932,0.01389539707549195
15,36,2500,0,0.43415984126984125,0.4209000595238095,1.0314350452828067,0.000295188977382904,1.0308564748871363,1.0320136156784772,1.0293417825121327,1.0511370044960024,1.0586902671933396,1.0777369635247345,1.1024046920821113,0.013259781746031745,0.0001263197907323158,0.013012194956196406,0.013507368535867084
15,37,2500,0,0.43525111969111974,0.4218738030888031,1.0316469402901447,0.0002916121570330776,1.0310753804623598,1.0322185001179296,1.0297532306518185,1.051291069117338,1.0580713414599745,1.0741736893526088,1.097641857037583,0.013377316602316603,0.00012455850355594134,0.013133181935346959,0.013621451269286248
15,38,2500,0,0.4356253759398496,0.4226544736842105,1.0306247260018433,0.0002850786293907783,1.0300659718882375,1.0311834801154491,1.0283713741409723,1.0492001629180743,1.0566013183337937,1.0729596468055347,1.1169495466170658,0.012970902255639098,0.00012233930808349354,0.012731117211795451,0.013210687299482745
15,39,2500,0,0.4371785164835165,0.4242236080586081,1.030476350439038,0.00027831788819018284,1.0299308473781852,1.0310218534998907,1.0287078729409431,1.048217711110465,1.0560328989843366,1.07123621057223,1.120427501101807,0.012954908424908424,0.00012000643863342865,0.012719695805186903,0.013190121044629945
15,40,2500,0,0.43842551785714284,0.4253014642857143,1.0307877064920845,0.0002938128049436835,1.0302118333943948,1.0313635795897742,1.028282783312271,1.0509767037425797,1.0581183181600673,1.0741671120011016,1.1074979287489644,0.013124053571428573,0.0001269721356033304,0.012875188185646045,0.013372918957211101
15,41,2500,0,0.4391384494773519,0.4262985888501742,1.030052831239456,0.00028204768652903735,1.029500017773859,1.030605644705053,1.0279570118928876,1.0495367187400801,1.0559658754635646,1.0701573936127224,1.0968199886428165,0.0128398606271777,0.0001222180766773392,0.012600313196890115,0.013079408057465285
15,42,2500,0,0.4399240986394558,0.4270281462585034,1.0301667850976572,0.0002744465519830766,1.0296288698557705,1.030704700339544,1.0280647551605817,1.0491100647801326,1.055291099237393,1.0699606677099636,1.1064592173503065,0.01289595238095238,0.00011815991943524816,0.012664358938859293,0.013127545823045466
15,43,2500,0,0.4401292524916944,0.427431877076412,1.0296492196857918,0.0002692312587626318,1.029121526418617,1.0301769129529665,1.0275215928045176,1.04751090364785,1.0551986831259694,1.068312604522813,1.08853970643583,0.012697375415282392,0.00011680991144700748,0.012468427988846257,0.012926322841718527
15,44,2500,0,0.4413544642857143,0.42865412337662334,1.0295589391362636,0.0002769014075460635,1.0290162123774733,1.030101665895054,1.0276107861900194,1.0479077886244703,1.0548232044245882,1.0712335114945162,1.0974443831586689,0.01270034090909091,0.00012052230371733132,0.01246411719380494,0.01293656462437688
15,45,2500,0,0.4425429047619048,0.42974211111111116,1.029747489638843,0.00027924908355820356,1.029200161435069,1.030294817842617,1.0279622198291705,1.0482855635199155,1.0542996214420497,1.071052391592304,1.1234999104424144,0.012800793650793651,0.00012121264838363872,0.012563216859961718,0.013038370441625584
15,46,2500,0,0.44297698757763976,0.43028711180124224,1.0294333605998625,0.000268162694964591,1.0289077617177318,1.0299589594819931,1.0277358827163083,1.0473068783275152,1.0541489594201239,1.0665100642153165,1.0959646113568655,0.012689875776397517,0.0001170383164543821,0.012460480676146928,0.012919270876648107
15,47,2500,0,0.4432881914893617,0.4307646352583587,1.0290177451127889,0.0002768020029403614,1.0284752131870258,1.029560277038552,1.0270595897976849,1.0468248935325577,1.0545395824965125,1.0713654786921907,1.1050259375797262,0.01252355623100304,0.00012082016955328493,0.012286748698678601,0.012760363763327478
15,48,2500,0,0.44374436011904766,0.43131928571428574,1.028753586591987,0.0002686729601091488,1.028226987590173,1.029280185593801,1.027084057463295,1.0458756639817768,1.0534718658645532,1.0688243411006915,1.1195103158976114,0.012425074404761906,0.00011749014967744302,0.012194793711394118,0.012655355098129694
15,49,2500,0,0.44461027696793004,0.4322587463556851,1.028528956659372,0.00025828578510243773,1.0280227165205713,1.0290351967981728,1.0267547203678975,1.0450931174579001,1.0520603482137934,1.0667663144619912,1.0917092799061112,0.012351530612244898,0.00011302756096731195,0.012129996592748967,0.01257306463174083
15,50,2500,0,0.44534261428571426,0.43305571428571427,1.0283301838036423,0.0002599992271052317,1.027820585318516,1.0288397822887685,1.0264774584975243,1.0458681328582884,1.0526402375184298,1.0658166584145887,1.0914309484193012,0.0122869,0.00011402009972051645,0.012063420604547787,0.012510379395452213
16,3,2500,0,0.24811529411764705,0.22341156862745096,1.112465657674432,0.0008813443450687614,1.1107382227580973,1.1141930925907668,1.1078688863289174,1.1727744569568235,1.1911165015859715,1.2307766510017313,1.3310502283105023,0.024703725490196077,0.00019465344541847666,0.024322204737175862,0.025085246243216293
16,4,2500,0,0.28933279411764706,0.25981941176470585,1.1141481524953725,0.0009568156439803921,1.112272793833171,1.116023511157574,1.1082582530485101,1.1764777011167225,1.2023543417366946,1.2468005306871064,1.3428571428571427,0.029513382352941174,0.0002572243285146026,0.029009222669052554,0.030017542036829794
16,5,2500,0,0.31079776470588233,0.2872714117647059,1.0820667536247983,0.0006696514659248839,1.0807542367515854,1.0833792704980112,1.0786845328551864,1.1265136495348482,1.1411685368261515,1.1723460837173727,1.253932584269663,0.02352635294117647,0.00019857524762824643,0.023137145455825108,0.023915560426527833
16,6,2500,0,0.33020931372549017,0.30547823529411766,1.0810217512656675,0.0006985037808992832,1.0796526838551048,1.08239081867623,1.0764184737338216,1.126835303176372,1.1464011314475875,1.1805003995767862,1.2664473684210527,0.02473107843137255,0.0002194454374313372,0.024300965374007128,0.02516119148873797
16,7,2500,0,0.34135176470588235,0.3198739495798319,1.0671652266310352,0.0005900532018065981,1.0660087223554942,1.0683217309065762,1.063261391149417,1.106035543495782,1.121357072133069,1.149074926807644,1.2319676860934796,0.02147781512605042,0.0001934633141574103,0.021098627030301898,0.021857003221798944
16,8,2500,0,0.3546933823529412,0.3322161029411765,1.0675237444345642,0.0006087638228175586,1.0663305673418417,1.0687169215272867,1.0630246955447036,1.1065876773467251,1.1248685595748085,1.1609011657204285,1.2361111111111112,0.022477279411764705,0.00020959481274619298,0.022066473578782168,0.022888085244747242
16,9,2500,0,0.3608586274509804,0.3405767973856209,1.0594375138636685,0.0005265353153219438,1.0584055046456375,1.0604695230816994,1.0559048103740576,1.094824909435915,1.1077156417334002,1.1337116904310087,1.1909039865244244,0.02028183006535948,0.00018503757478261718,0.01991915641878555,0.02064450371193341
16,10,2500,0,0.36902058823529416,0.34898782352941177,1.0572997929521282,0.0005015541162628016,1.0563167468842531,1.0582828390200032,1.054196484578323,1.0907494490045537,1.101840240861922,1.1262286038270728,1.207880981101729,0.02003276470588235,0.00018090769033525387,0.01967818563282525,0.02038734377893945
16,11,2500,0,0.3756270053475936,0.3566434759358289,1.0531030862056578,0.0004877513295402241,1.052147093599759,1.0540590788115567,1.0497505626882968,1.0849848059123899,1.0999286250939144,1.1260925401760165,1.158554044380816,0.018983529411764708,0.00017881652941727113,0.018633049014106857,0.01933400980942256
16,12,2500,0,0.38151132352941175,0.36276151960784314,1.0516040853914859,0.00047031203521878304,1.050682273802457,1.0525258969805147,1.0477730235496896,1.0827758235058382,1.0965733753619287,1.1213930259119518,1.2041032897064026,0.01874980392156863,0.00017435080468743407,0.01840807634438126,0.019091531498756
16,13,2500,0,0.38578411764705883,0.36791438914027147,1.0484692622906078,0.0004333558397139733,1.0476198848447684,1.0493186397364471,1.0451817873257996,1.0775207616668847,1.0876023253837823,1.1095300098179537,1.1748670212765957,0.017869728506787332,0.00016403397827117943,0.01754822190937582,0.018191235104198844
16,14,2500,0,0.3904729831932773,0.3727081512605042,1.0475209475862333,0.000412449014844934,1.0467125475171373,1.0483293476553293,1.0449763900867461,1.0753242085611918,1.08548641473828,1.1060306368788988,1.149746192893401,0.017764831932773107,0.00015836349371817877,0.017454439485085477,0.018075224380460737
16,15,2500,0,0.39486560784313723,0.37760109803921565,1.0456044989984465,0.00040772120648803657,1.04480536543373,1.0464036325631632,1.0428593454032864,1.0721985493768627,1.083533686140438,1.1054409372859926,1.1534839924670433,0.017264509803921566,0.00015801237130673714,0.01695480555616036,0.01757421405168277
16,16,2500,0,0.39814422794117643,0.38123827205882355,1.0442702991886585,0.00039812831275031873,1.043489967695668,1.0450506306816492,1.0418271852109533,1.070851172808489,1.0807072368298671,1.1017886074396817,1.1385431074227754,0.01690595588235294,0.0001546626155615344,0.016602817155852333,0.01720909460885355
16,17,2500,0,0.4009998269896194,0.3848661591695502,1.0418553970847964,0.0003863127324362989,1.0410982241292213,1.0426125700403714,1.0392767485297196,1.0679620690278606,1.077546122742806,1.0962595961134345,1.16421681212678,0.016133667820069204,0.00015088383849516998,0.01583793549661867,0.016429400143519738
16,18,2500,0,0.4048851307189542,0.38866911764705886,1.0416258050054055,0.0003668888723841482,1.0409067028155325,1.0423449071952784,1.0391572481416973,1.0662715677649994,1.0759823927702497,1.0952495171640395,1.1436388508891928,0.016216013071895425,0.00014580366565136304,0.015930237887218753,0.016501788256572097
16,19,2500,0,0.4064565325077399,0.39088030959752323,1.0397619370989053,0.00036577957540400997,1.0390450091311134,1.0404788650666972,1.0369215618601517,1.0636234084831733,1.072469187050086,1.0928379017876084,1.1352866702839572,0.015576222910216717,0.00014650546498168503,0.015289072198852614,0.015863373621580818
16,20,2500,0,0.40972532352941177,0.3940104705882353,1.039788407856991,0.00036581873907603644,1.039071403128402,1.04050541258558,1.0371440341816696,1.0643390975595615,1.0726195607484512,1.091338335194604,1.1684098564084382,0.01571485294117647,0.00014739076356433528,0.015425967044590374,0.016003738837762568
16,21,2500,0,0.41147008403361346,0.39614490196078433,1.0386051645864522,0.0003421230717344259,1.0379346033658527,1.0392757258070517,1.0362467834187616,1.060696824243166,1.0699720979280074,1.0893643393671302,1.149071714597743,0.015325182072829131,0.00013798413770222707,0.015054733162932767,0.015595630982725496
16,22,2500,0,0.41404133689839573,0.39908935828877007,1.0373687234188373,0.0003411370612136342,1.0367000947788587,1.038037352058816,1.0347418707211375,1.0601008345407672,1.069098518747489,1.0891762049456084,1.1415541133134537,0.014951978609625667,0.00013879933732578723,0.014679931908467125,0.01522402531078421
16,23,2500,0,0.41599248081841433,0.4010963427109975,1.0370328926015515,0.0003317659662725357,1.0363826313076574,1.0376831538954456,1.0349471667224766,1.058595818940121,1.0678039660445802,1.0865967178392584,1.1196645199940092,0.01489613810741688,0.00013639647385048633,0.014628801018669927,0.015163475196163834
16,24,2500,0,0.41755333333333333,0.40299664215686276,1.0360314157332402,0.0003257926140366601,1.0353928622097284,1.036669969256752,1.0339368128872495,1.0576844324221388,1.0660887506220704,1.0836639142791304,1.121870286576169,0.014556691176470588,0.00013385741475583035,0.014294330643549161,0.014819051709392015
16,25,2500,0,0.41932604705882354,0.40508082352941177,1.0350891618756555,0.0003125760209979325,1.0344765128744995,1.0357018108768115,1.0326642239159525,1.0566983051022836,1.0644227708834442,1.0774298322671798,1.1051250172675784,0.014245223529411766,0.0001290988780726989,0.013992189728389276,0.014498257330434255
16,26,2500,0,0.42151106334841626,0.4071173755656109,1.035275644120755,0.0003162766291379568,1.0346557419276445,1.0358955463138653,1.032994794193546,1.0566320890092566,1.0640812735544676,1.0821891337130738,1.1083778464998595,0.014393687782805429,0.00013114546935471,0.014136642662870198,0.01465073290274066
16,27,2500,0,0.42301995642701523,0.4089037908496732,1.0344427853730618,0.00030839663537889366,1.0338383279677192,1.0350472427784043,1.0322241909735244,1.0558428304284968,1.0633299777920584,1.077970473397934,1.1051763511799035,0.014116165577342047,0.0001286571100095993,0.013863997641723233,0.014368333512960862
16,28,2500,0,0.42445287815126054,0.4103258613445378,1.0343373094020827,0.00031183982293020093,1.0337261033491394,1.034948515455026,1.0321875521207815,1.055244673517794,1.0629115181490485,1.0813102925167504,1.112503100967502,0.014127016806722691,0.00013071952486021977,0.01387080653799666,0.014383227075448722
16,29,2500,0,0.4260064097363083,0.41209563894523327,1.0336854204385355,0.00030612347838447125,1.033085418420902,1.034285422456169,1.0312779113684236,1.0543374804207735,1.0630282340960484,1.0782339239149066,1.097107923818481,0.013910770791075052,0.0001281574104475967,0.013659582266597763,0.014161959315552341
16,30,2500,0,0.42794923529411766,0.4141160588235294,1.0333432228618038,0.000300343806316759,1.032754549001423,1.0339318967221847,1.031075364219398,1.0538466105612287,1.0616285261542318,1.0772467408567419,1.1023201856148492,0.013833176470588234,0.0001261149288658829,0.013585991210011104,0.014080361731165364
16,31,2500,0,0.42847916508538897,0.41488979127134723,1.0326894500079933,0.0002904429141793504,1.0321201818962018,1.0332587181197848,1.0305628101813602,1.052702751489227,1.058898215014073,1.0729007293118147,1.108984933465303,0.013589373814041744,0.00012248161243435987,0.013349309853670398,0.01382943777441309
16,32,2500,0,0.42967650735294116,0.41590209558823527,1.0330698351055372,0.0002976039239618243,1.032486531414572,1.0336531387965024,1.0308511139221594,1.0541063499555976,1.0606161970582277,1.0740258202440753,1.1080803937653814,0.013774411764705882,0.00012544626985947933,0.013528537075781303,0.014020286453630461
16,33,2500,0,0.4309947058823529,0.4177739393939394,1.031565212494602,0.0002799625187891874,1.031016485957775,1.032113939031429,1.0295986359373943,1.051408367173357,1.0580866941023837,1.0691051405538115,1.1003926562665818,0.013220766488413546,0.00011919329902491779,0.012987147622324707,0.013454385354502385
16,34,2500,0,0.4315386332179931,0.41835493079584773,1.0314434026726091,0.00028671988259675605,1.0308814317027195,1.0320053736424988,1.0293884443388785,1.050101748567382,1.0587274590893547,1.0736408990404978,1.100476947535771,0.013183702422145328,0.00012198806151667752,0.01294460582157264,0.013422799022718016
16,35,2500,0,0.4330432773109244,0.4197544201680672,1.0315776599995101,0.0002836820874100141,1.0310216431081864,1.0321336768908338,1.0298180174336955,1.050859748329151,1.0580682444293803,1.0736301002342066,1.1080999395526898,0.013288857142857142,0.0001211339956067797,0.013051434511467855,0.01352627977424643
16,36,2500,0,0.4337359967320262,0.4208373529411765,1.0305920605316676,0.00027494782672532085,1.030053162791286,1.0311309582720494,1.0287444575218587,1.0493194097063536,1.056508433669191,1.0714810014236742,1.0997420464316423,0.012898643790849672,0.00011758290615170693,0.012668181294792327,0.013129106286907017
16,37,2500,0,0.43441235294117647,0.4215915103338632,1.0303477058436952,0.00027208258853699213,1.0298144239701628,1.0308809877172276,1.0282803849117843,1.0486832409107407,1.0549721899121667,1.071076678654397,1.090785169029444,0.012820842607313195,0.00011659127572380578,0.012592323706894537,0.013049361507731854
16,38,2500,0,0.4359641795665634,0.4233752321981424,1.0296969453329359,0.0002635307743623551,1.0291804250151857,1.030213465650686,1.0277429325465057,1.0471262994465933,1.0543126429483278,1.0678046975315907,1.1131537825167754,0.012588947368421052,0.0001127801751524851,0.012367898225122182,0.012809996511719922
16,39,2500,0,0.43713565610859734,0.4244150527903469,1.029916797457675,0.0002643553282390529,1.0293986610143264,1.0304349339010237,1.0279982827904968,1.047119705947374,1.0543577464309157,1.0696621602535885,1.0983578804807854,0.012720603318250378,0.00011407230006786315,0.012497021610117367,0.012944185026383389
16,40,2500,0,0.4376908970588235,0.4248973970588235,1.0300274643004326,0.00026881153321410025,1.029500593695333,1.0305543349055322,1.0283670200813968,1.047738876390792,1.054951050134901,1.069737240818482,1.0976218193913188,0.0127935,0.00011649262765977425,0.012565174449786842,0.013021825550213157
16,41,2500,0,0.4382393974175036,0.42560694404591104,1.0296267856144306,0.00026873521237482734,1.0291000645981758,1.0301535066306853,1.0279470768484702,1.047493402247977,1.0538468583680276,1.0684738991152278,1.0925834970530452,0.01263245337159254,0.00011604076254507486,0.012405013477004193,0.012859893266180887
16,42,2500,0,0.43972067226890754,0.42717072829131647,1.029332242258388,0.0002625817557141763,1.028817582017188,1.0298469024995878,1.0274020161593747,1.047173608320492,1.0544000743970987,1.0668589643274746,1.0863897660108492,0.012549943977591037,0.00011363892011493223,0.01232721169416577,0.012772676261016304
16,43,2500,0,0.44002227086183315,0.42769086183310534,1.0287674369565927,0.0002566396496974333,1.0282644232431857,1.0292704506699997,1.0266522546108643,1.0457709686080119,1.052985332534776,1.065237839900074,1.1000241215727264,0.01233140902872777,0.0001117543435285908,0.012112370515411731,0.012550447542043808
16,44,2500,0,0.4410332754010695,0.42872741978609624,1.0286395817755059,0.0002650519795465552,1.0281200798955945,1.0291590836554172,1.0263999710802674,1.0469608018090597,1.053923911835504,1.068321546273951,1.1151006450610088,0.012305855614973263,0.00011536269960739121,0.012079744723742776,0.01253196650620375
16,45,2500,0,0.4417573071895425,0.4294508758169934,1.0286105622188895,0.0002538012225181366,1.028113111822754,1.029108012615025,1.0268950497068698,1.0448745634261483,1.0523371115678872,1.0674330567237358,1.1017885705976442,0.012306431372549019,0.00011049437936992336,0.01208986238898397,0.012523000356114068
16,46,2500,0,0.4419843478260869,0.4299309462915601,1.027982536052774,0.0002541185223687146,1.0274844637489313,1.0284806083566165,1.0261085117187112,1.045068654185045,1.0514691912854193,1.063904770540028,1.10632949958108,0.012053401534526855,0.00011079673516531646,0.011836239933602834,0.012270563135450876
16,47,2500,0,0.4433626908635795,0.43098777221526907,1.0286603603148887,0.0002619918181239564,1.0281468563513658,1.0291738642784116,1.0263474877920333,1.0461397895778168,1.054148316415388,1.067690819411068,1.102729987203185,0.012374918648310387,0.0001144820633523244,0.012150533804139831,0.012599303492480942
16,48,2500,0,0.4432668014705882,0.43110610294117646,1.0281464451280564,0.0002512784877677504,1.0276539392920316,1.0286389509640812,1.0263306679306616,1.0455326364106408,1.0515436437810284,1.0629971573132386,1.1038216560509555,0.012160698529411764,0.00010993608760422226,0.011945223797707488,0.01237617326111604
16,49,2500,0,0.44382637454981994,0.4319264705882353,1.0274977572098682,0.00024717856851967147,1.0270132872155697,1.0279822272041668,1.0257852848933702,1.043976732867678,1.0506255172646397,1.063341614038882,1.0981668066050938,0.011899903961584635,0.00010826967524119204,0.011687695398111899,0.01211211252505737
16,50,2500,0,0.44504757647058824,0.4330102588235294,1.0277604545882357,0.0002517345434017644,1.0272670548831682,1.0282538542933033,1.0258428783679112,1.04461107952777,1.0509845012284424,1.0669708185038993,1.0883048055575448,0.012037317647058824,0.00011001165196236842,0.011821694809212581,0.012252940484905066
17,3,2500,0,0.24792892156862742,0.2229799019607843,1.113773756115347,0.0008533986311909836,1.1121010947982126,1.1154464174324812,1.1098569778502514,1.1703894080996884,1.1905973207731833,1.2300685387142944,1.2933333333333332,0.024949019607843136,0.0001887338735517361,0.024579101215681732,0.02531893800000454
17,4,2500,0,0.2892985294117647,0.25982622549019607,1.1138429285431666,0.0009087318940601704,1.1120618140308087,1.1156240430555244,1.108570353364232,1.175077260610064,1.1950098236368258,1.2415145076898682,1.3140147523709167,0.029472303921568625,0.0002471443138299962,0.028987901066461833,0.029956706776675418
17,5,2500,0,0.3092695098039216,0.2854673529411765,1.0837220563610968,0.0006958201083540076,1.082358248948723,1.0850858637734706,1.0813397129186604,1.1284004581303642,1.1467107070263143,1.1777786885245902,1.2532258064516129,0.023802156862745096,0.00020157113293902174,0.023407077442184614,0.024197236283305577
17,6,2500,0,0.32935923202614376,0.304383660130719,1.082072902030445,0.0006723962989243927,1.0807550052845531,1.0833907987763367,1.0774880375214813,1.1277230798146216,1.1432635818529102,1.1774667895814124,1.268545994065282,0.024975571895424837,0.0002113276541982552,0.024561369693196257,0.025389774097653417
17,7,2500,0,0.3427683473389356,0.32095098039215686,1.0678620217741104,0.0005629007865844552,1.066758736232405,1.0689653073158158,1.0644919736488487,1.10413232012705,1.1197447092078583,1.1460553501272486,1.2168094218415417,0.021817366946778712,0.00018667772202744876,0.021451478611604912,0.022183255281952512
17,8,2500,0,0.3544657475490196,0.3322866421568627,1.0666180260176181,0.0005640711526582316,1.065512446558408,1.0677236054768282,1.0628273687097216,1.1046524239519748,1.1171143258656964,1.1476888376522478,1.2142857142857142,0.022179105392156864,0.00019415899378488099,0.021798553764338497,0.02255965701997523
17,9,2500,0,0.36104101307189546,0.34084172113289757,1.0591658905406687,0.0004919088474101007,1.0582017491997449,1.0601300318815925,1.0564159498379806,1.09113560764562,1.1035641262509621,1.1314919017479617,1.1847914963205233,0.02019929193899782,0.00017295091963418041,0.019860308136514827,0.020538275741480816
17,10,2500,0,0.36866475490196077,0.3488311274509804,1.056737868386685,0.00048325167098211755,1.05579069511156,1.05768504166181,1.0536728039279608,1.0890972838161272,1.1000714221401617,1.1235924500643673,1.1791212917761922,0.01983362745098039,0.00017355162030210355,0.01949346627518827,0.020173788626772514
17,11,2500,0,0.37468725490196075,0.3559280748663101,1.0525670048666333,0.0004575065923954927,1.0516702919455383,1.0534637177877284,1.0496148108346604,1.0826956591334274,1.0951545251121788,1.118754290398377,1.1514522821576763,0.018759180035650625,0.00016857728910842396,0.018428768548998112,0.019089591522303138
17,12,2500,0,0.38043709150326793,0.3620565767973856,1.0506575016624737,0.00043064312935517374,1.0498134411289375,1.05150156219601,1.0475709444326642,1.0806344052050816,1.0903428509781359,1.1113308105455133,1.1482960596379126,0.018380514705882353,0.00016016939496152124,0.01806658269175777,0.018694446720006936
17,13,2500,0,0.3867778280542986,0.3689292609351433,1.0482530620485861,0.00041083137821398586,1.0474478325472867,1.0490582915498856,1.0457515365205108,1.0761360682307157,1.0869681777381566,1.1063249572449212,1.1306620209059233,0.017848567119155355,0.00015611109799937653,0.017542589367076578,0.01815454487123413
17,14,2500,0,0.39090693277310923,0.3733529411764706,1.0468834050370475,0.00040082785884273454,1.0460977824337157,1.0476690276403793,1.044253627916269,1.0738791625768793,1.083775412318112,1.1053150456206304,1.1461640211640212,0.017553991596638657,0.0001542029838807868,0.017251753748232315,0.017856229445045
17,15,2500,0,0.39398823529411764,0.37720509803921565,1.044411266167544,0.0003809024537720336,1.0436646973581507,1.0451578349769373,1.0420973700850156,1.0697076313015546,1.0784938199133656,1.0973321188792566,1.1499896415993371,0.01678313725490196,0.0001468119568804468,0.016495385819416286,0.017070888690387635
17,16,2500,0,0.39736492034313725,0.38069757965686274,1.043671367194555,0.0003791996448866455,1.042928135890577,1.044414598498533,1.0415454547361267,1.0688387342737322,1.0791644001962821,1.0976107028784967,1.1663754610755193,0.01666734068627451,0.0001481676719233633,0.016376932049304717,0.0169577493232443
17,17,2500,0,0.4008065167243368,0.38460239331026524,1.0420263716650728,0.00036383349711675915,1.041313258010724,1.0427394853194216,1.0391962731539224,1.0655997711917555,1.0750462776618699,1.0962516900958683,1.1294075532486127,0.01620412341407151,0.00014383255228645893,0.01592221161159005,0.01648603521655297
17,18,2500,0,0.40339566993464054,0.3873712962962963,1.041288910624805,0.00035427659229684107,1.0405945285039033,1.041983292745707,1.0388663305651296,1.0652732839032533,1.073865830245635,1.0909469918978418,1.1448481831757094,0.016024373638344226,0.00013990056760433418,0.01575016852583973,0.01629857875084872
17,19,2500,0,0.40641210010319917,0.3908074303405573,1.0398308157503473,0.00034279794082102264,1.0391589317863381,1.0405026997143565,1.0373348669576345,1.0626878518640535,1.0721441234479356,1.089222693462009,1.1306298820009972,0.015604669762641899,0.00013705537701114298,0.015336041223700058,0.015873298301583738
17,20,2500,0,0.4091385049019608,0.3937467892156863,1.03902714382283,0.00034124948943640364,1.0383582948235346,1.0396959928221254,1.0366219023694754,1.0620824003183011,1.0701839015269081,1.0884649664632005,1.1174855050350931,0.015391715686274511,0.00013642894548491802,0.015124314953124073,0.01565911641942495
17,21,2500,0,0.4112894957983193,0.3963079598506069,1.0377299586168556,0.0003271644333799496,1.037088716327431,1.0383712009062802,1.0355745999075903,1.0602033745876829,1.0677065181570966,1.0851739631886983,1.1390549387987474,0.014981535947712416,0.00013201869567230548,0.014722779304194697,0.015240292591230135
17,22,2500,0,0.412923752228164,0.3981709893048129,1.0369689106138464,0.00031789011791925317,1.0363458459827246,1.0375919752449683,1.034544033154832,1.059043275433182,1.0667985786340861,1.0813197359931097,1.1040991688970279,0.014752762923351159,0.0001291261404022899,0.014499675688162671,0.015005850158539646
17,23,2500,0,0.4154283887468031,0.4007677962489343,1.0364765013353596,0.0003225963411874549,1.0358442125066323,1.037108790164087,1.0342464569554517,1.058222233494119,1.0660268239667559,1.0840122293830372,1.1094919259551004,0.014660592497868712,0.0001323104845034936,0.014401263948241864,0.014919921047495559
17,24,2500,0,0.4174071691176471,0.40296296977124185,1.035757821734585,0.0003127902756742964,1.0351447527942634,1.0363708906749067,1.0333886369691385,1.057177254655533,1.064417589630702,1.083991896871573,1.113579267486447,0.01444419934640523,0.0001289558320964047,0.014191445915496276,0.014696952777314184
17,25,2500,0,0.419210568627451,0.4051028627450981,1.0347392317411732,0.0003011861203235568,1.0341489069453391,1.0353295565370073,1.0327878994405704,1.0542073523759847,1.0623626057316562,1.080226753659877,1.1131694573091082,0.01410770588235294,0.0001247345654894021,0.013863226133993713,0.014352185630712168
17,26,2500,0,0.4208453431372549,0.40669185520361995,1.0347008610348147,0.00029975661907908713,1.0341133380614198,1.0352883840082097,1.0321870236499833,1.0549757085382983,1.0619617466099562,1.0785119571086836,1.1245816690057218,0.014153487933634992,0.00012481224114113277,0.01390885594099837,0.014398119926271612
17,27,2500,0,0.4225970225127088,0.408629538852578,1.0340955096221263,0.00030051271227184183,1.0335065047060734,1.0346845145381791,1.0320609105066503,1.0540451513790678,1.0611418147636964,1.0791219131662646,1.1205969494129266,0.013967483660130718,0.00012565474682700557,0.013721200356349788,0.01421376696391165
17,28,2500,0,0.4237437850140056,0.4101608193277311,1.0330479509879669,0.0002833237924395176,1.0324926363547855,1.0336032656211482,1.0312137869172169,1.0516324114380404,1.0579837998914825,1.0727911626074393,1.1030657523194836,0.013582965686274508,0.00011836233226679705,0.013350975515031586,0.01381495585751743
17,29,2500,0,0.4253666497633536,0.4118267748478702,1.03282892611275,0.0002866325565538728,1.0322671263019043,1.0333907259235955,1.0310096203237822,1.0517516873028294,1.058620423813012,1.0757316508219554,1.1087045361667347,0.013539874915483434,0.00011970335741012773,0.013305256334959584,0.013774493496007284
17,30,2500,0,0.4268738725490196,0.4133805065359477,1.0325691329693727,0.00027933673477382255,1.032021632969216,1.0331166329695294,1.0309001733417111,1.051200123692735,1.058367002655709,1.0725176909103031,1.0994873742168216,0.013493366013071897,0.00011781753258421642,0.013262443649206833,0.013724288376936962
17,31,2500,0,0.4285850253004428,0.4151635515496521,1.0322416600989317,0.000290171408208112,1.0316729241388438,1.0328103960590196,1.0302384582469868,1.0512324124073282,1.0584104990028886,1.0752949087172563,1.1122503566333808,0.013421473750790636,0.00012307296297450662,0.013180250743360603,0.013662696758220669
17,32,2500,0,0.4288921415441176,0.41556585477941177,1.0320075928574302,0.00027297505759855414,1.031472561744537,1.0325426239703233,1.0303408086647674,1.0500485638930837,1.0570742800600845,1.0695492360190926,1.0993189557321226,0.013326286764705882,0.00011520943864414367,0.01310047626496336,0.013552097264448403
17,33,2500,0,0.43110781342840165,0.4179435828877005,1.0314409882402757,0.0002767553628684621,1.0308985477290535,1.031983428751498,1.02942081024108,1.0502019049185773,1.0567398762470375,1.0730419060312124,1.1005611081886726,0.013164230540701129,0.00011740040245393423,0.012934125751891418,0.013394335329510839
17,34,2500,0,0.43150803056516723,0.41846159169550173,1.0311073775419155,0.00026955349547036896,1.0305790526907936,1.0316357023930374,1.0291995455843077,1.0496309761416094,1.0564677698412703,1.068836296525943,1.0910705225773718,0.013046438869665514,0.00011484222828300309,0.012821348102230828,0.0132715296371002
17,35,2500,0,0.4325948039215686,0.41978261904761904,1.0304524673604067,0.00026723220413825665,1.0299286922402957,1.0309762424805178,1.028840908228195,1.0481898598188066,1.0552529279003184,1.0692666687597805,1.096903341776289,0.012812184873949578,0.00011413988460614856,0.012588470700121528,0.01303589904777763
17,36,2500,0,0.43332426470588237,0.4205695125272331,1.030273600478127,0.0002670717574922889,1.029750139833442,1.0307970611228119,1.028417703329521,1.04803824174812,1.0544360687903676,1.0687201416338037,1.1030097164072992,0.012754752178649237,0.00011395030273137922,0.012531409585295734,0.01297809477200274
17,37,2500,0,0.4347111817700053,0.4220606385797562,1.029914536210349,0.0002616176232471647,1.0294017656687846,1.0304273067519134,1.0278813410438183,1.0471777208634034,1.053756818390222,1.0689202114637935,1.0960815047021943,0.012650543190249072,0.00011212485447581305,0.012430778475476478,0.012870307905021666
17,38,2500,0,0.4355125257997936,0.42291578947368424,1.0297442448734901,0.00025297232020527626,1.0292484191258877,1.0302400706210926,1.0281651711317923,1.0460812372552162,1.0519403902289137,1.0655365588635952,1.1144481089046383,0.01259673632610939,0.00010816859924997375,0.012384725871579442,0.012808746780639339
17,39,2500,0,0.43674764957264955,0.4240872171945701,1.0297891101061647,0.0002588558536188973,1.0292817526330718,1.0302964675792576,1.0278917684736384,1.0467333300698525,1.0534763224915276,1.0678067669244076,1.091301485112298,0.012660432378079437,0.00011155650859734444,0.012441781621228642,0.012879083134930231
17,40,2500,0,0.4368649019607843,0.4244839460784314,1.0291178952161053,0.00024334490690370087,1.028640939198574,1.0295948512336366,1.0277768310512356,1.0447852381467782,1.0524469364850562,1.0624253023901218,1.09101508416527,0.012380955882352941,0.00010473062235289941,0.012175683862541259,0.012586227902164624
17,41,2500,0,0.438051781444285,0.42575512912482066,1.028829484221708,0.00025704919513376675,1.0283256677992458,1.0293333006441703,1.026923726982102,1.045614484096177,1.0527899184069054,1.0683435387487892,1.0904643792200635,0.012296652319464372,0.00011109241180920928,0.012078911192318322,0.012514393446610421
17,42,2500,0,0.43906685340802987,0.4267606442577031,1.0287857353107288,0.0002464842932339697,1.0283026260959902,1.0292688445254674,1.0272325880846753,1.0451740083215475,1.0518547301500893,1.063726447497723,1.0954280855517038,0.012306209150326796,0.00010670828665495023,0.012097060908483094,0.012515357392170499
17,43,2500,0,0.4394451778385773,0.4273112061103511,1.0283514848389976,0.00024376771913205418,1.0278737001094989,1.0288292695684964,1.026390711097813,1.044454234138884,1.0504893635618275,1.0646825363767554,1.0793872793872794,0.012133971728226174,0.00010567345224439204,0.011926851761827166,0.012341091694625182
17,44,2500,0,0.43990216131907306,0.4278383244206774,1.0281465549074862,0.00024399195808887382,1.027668330669632,1.0286247791453405,1.0264766371856364,1.0445195328859707,1.0505188066906874,1.0624551436244625,1.0894867391719139,0.012063836898395722,0.00010599702330343845,0.011856082732720983,0.01227159106407046
17,45,2500,0,0.4413385838779956,0.4291996623093682,1.0282278949301138,0.00025236875077925793,1.0277332521785865,1.0287225376816411,1.0261618919140005,1.0451970034498246,1.0518832993076355,1.06649117724439,1.082237239049113,0.012138921568627453,0.00010983905322046378,0.011923637024315344,0.012354206112939562
17,46,2500,0,0.4421955882352941,0.4302131180733163,1.0277984663117998,0.0002460967806320853,1.027316116621761,1.0282808160018386,1.026023590172311,1.044036724108031,1.0508538217292303,1.0644730782400993,1.0909034306705685,0.011982470161977836,0.00010740497779090565,0.01177195640550766,0.012192983918448011
17,47,2500,0,0.442876074259491,0.4311464017521902,1.0271455417647823,0.0002433053847993368,1.0266686632105757,1.027622420318989,1.025621565853429,1.043594798090472,1.0494883697461141,1.0636787645147028,1.0954329382032613,0.011729672507300792,0.00010658818572087644,0.011520759663287874,0.011938585351313709
17,48,2500,0,0.44284290236928103,0.43118639705882356,1.0269859629830504,0.0002265975903038166,1.026541831706055,1.0274300942600458,1.0255087073543097,1.0421758016692935,1.0474261260035571,1.058382803447208,1.0823412698412698,0.011656505310457515,9.90246086814663e-05,0.01146241707744184,0.01185059354347319
17,49,2500,0,0.4437447378951581,0.43193614445778317,1.027297493508843,0.00024052973351302534,1.0268260552311574,1.0277689317865286,1.0253258197354607,1.043111864534199,1.0494371446046713,1.0651227346716143,1.0923807847967624,0.01180859343737495,0.00010513329927878696,0.011602532170788528,0.012014654703961371
17,50,2500,0,0.44452870588235294,0.43288551960784316,1.0268558429945824,0.00023679338341733657,1.0263917279630845,1.0273199580260803,1.0249985534081703,1.0420954086059326,1.048585480120752,1.0640428831019417,1.0820373250388802,0.011643186274509804,0.00010380211101414473,0.01143973413692208,0.011846638412097528
18,3,2500,0,0.24844815961472308,0.22353188854489162,1.1134452370263286,0.0008207298384181377,1.111836606543029,1.1150538675096282,1.1088218448891585,1.1676382118977295,1.1878186611324564,1.2306209372637944,1.28125,0.024916271069831443,0.00018041356451086718,0.024562660483390144,0.025269881656272742
18,4,2500,0,0.29137079463364296,0.26100712074303406,1.1168811975764863,0.0008939597012678103,1.1151290365620015,1.1186333585909711,1.1123595505617978,1.1761409980720747,1.1950466747541948,1.238645646377942,1.368421052631579,0.03036367389060888,0.00023950844593506856,0.029894237336576146,0.030833110444641612
18,5,2500,0,0.31088643962848295,0.28687810113519097,1.083869641195195,0.0006508945073604829,1.0825938879607684,1.0851453944296214,1.0805646734971996,1.1270064100810606,1.1418385546101801,1.176791831357048,1.222724338282763,0.024008338493292054,0.00019188817447953282,0.02363223767131217,0.024384439315271938
18,6,2500,0,0.32924176126590987,0.304581561747506,1.0810319387321097,0.0006612194517755256,1.0797359486066296,1.0823279288575898,1.0770071066013989,1.124838622734317,1.1423101546172385,1.17403246338598,1.238942826321467,0.024660199518403855,0.00020673126670021227,0.02425500623567144,0.02506539280113627
18,7,2500,0,0.3409943093026684,0.31938510983340707,1.0676116578238466,0.0005541342023973814,1.0665255547871477,1.0686977608605455,1.064340739935894,1.1045497054358044,1.1191467763338652,1.1438535568368728,1.2028698664027708,0.02160919946926139,0.00018379000628577336,0.021248971056941273,0.021969427881581505
18,8,2500,0,0.35277791537667696,0.3309765221878225,1.0657660464131313,0.0005406611157740894,1.0647063506262142,1.0668257422000484,1.0629349651008844,1.1021616616635708,1.11498239018104,1.1423954432392944,1.1874551971326164,0.02180139318885449,0.00018471113288848963,0.02143935936839305,0.02216342700931593
18,9,2500,0,0.3608070634101594,0.3408822841417269,1.0583214896807698,0.00047358509327447446,1.0573932628979519,1.0592497164635877,1.055605519134736,1.090485908704512,1.099221376373852,1.1221632971460596,1.2151857835218094,0.01992477926843252,0.00016737098045290416,0.019596732146744827,0.020252826390120212
18,10,2500,0,0.36916986584107325,0.34932412796697626,1.0566689681710637,0.00046791549262468606,1.0557518538055193,1.0575860825366081,1.0539696024487004,1.0878290583199208,1.1003298010380622,1.1266325734379214,1.1749524585710405,0.019845737874097005,0.00016956904415580933,0.019513382547551618,0.020178093200642393
18,11,2500,0,0.37499089970916594,0.3562751477624542,1.0524337462629254,0.000429510014031142,1.0515919066354245,1.0532755858904264,1.0498155440541959,1.0805998956660585,1.0911939251429028,1.1135405646014502,1.160857216627937,0.018715751946711698,0.00015744457175334857,0.018407160586075135,0.01902434330734826
18,12,2500,0,0.3810156174750602,0.3622635018919848,1.0516359730149456,0.00042990201087066734,1.0507933650736392,1.052478580956252,1.0488502930310515,1.0802038193331638,1.089729759299781,1.1126829983660893,1.2024216899183995,0.018752115583075334,0.00016014476635949242,0.01843823184101073,0.01906599932513994
18,13,2500,0,0.3851750734301818,0.36759069619750734,1.0477701571164637,0.0003874677940839815,1.0470107202400591,1.0485295939928683,1.045369484807429,1.073761264309186,1.0831038937626403,1.1019743258401642,1.1430075821398484,0.017584377232674447,0.0001458089853294079,0.017298591621428806,0.01787016284392009
18,14,2500,0,0.39072189296771337,0.3731563909774436,1.0469459729392443,0.00037573947940690744,1.0462095235596067,1.0476824223188819,1.0445960302795247,1.0716626789096009,1.080975695845099,1.1012958924905496,1.155670719553518,0.01756550199026979,0.00014470321195023833,0.017281883694847323,0.017849120285692258
18,15,2500,0,0.39389558995528035,0.37706193326453386,1.0445497918830098,0.0003662421154753979,1.043831957336678,1.0452676264293415,1.0418980956596156,1.0685742150649755,1.079282140865083,1.0965237320673014,1.1325593484664702,0.016833656690746473,0.0001413392572216362,0.016556631746592065,0.01711068163490088
18,16,2500,0,0.3980402476780186,0.38133268833849326,1.0437002550714995,0.0003708523304854816,1.042973384503748,1.044427125639251,1.041007955055375,1.0684214817290014,1.0784373951158306,1.0982285960193507,1.1496643196332077,0.016707559339525283,0.0001456643387607965,0.01642205723555412,0.016993061443496445
18,17,2500,0,0.40081065986766223,0.3846150427973047,1.0420225802393808,0.00035321920310268614,1.0413302706012995,1.042714889877462,1.039387033228529,1.0655726437863173,1.0742931074918625,1.0910748760184836,1.1325932778291705,0.016195617070357552,0.00013925542947229453,0.015922676428591853,0.01646855771212325
18,18,2500,0,0.4035810572182089,0.38775663341359934,1.0406967931705096,0.00034250355134896965,1.0400254862098657,1.0413681001311534,1.0388966521529892,1.0637232790073963,1.0729294987477473,1.089491506245583,1.1104516502605675,0.015824423804609564,0.00013615563707287912,0.015557558755946721,0.016091288853272406
18,19,2500,0,0.406352506653631,0.39076667209820215,1.0397988499634698,0.0003383517117239906,1.0391356806084908,1.0404620193184488,1.037778217599233,1.06249869511762,1.0704656002685773,1.088256327543424,1.1155606407322654,0.01558583455542882,0.00013537045963454343,0.015320508454545115,0.015851160656312525
18,20,2500,0,0.40872243550051596,0.3933740557275542,1.0389258865285789,0.00033247812680259586,1.0382742294000458,1.039577543657112,1.0369134536359095,1.0605689525345785,1.0694314190186012,1.088752242926156,1.127359096161253,0.015348379772961817,0.00013386929481110527,0.01508599595513205,0.015610763590791584
18,21,2500,0,0.41086931053123005,0.39588636296623914,1.0377594662905874,0.0003230434941025895,1.0371263010421463,1.0383926315390284,1.0358906196196251,1.0589468541412916,1.0660572710628105,1.084536346778134,1.1403345724907064,0.014982947564990908,0.0001311122446160638,0.014725967565543422,0.015239927564438394
18,22,2500,0,0.4127250773993808,0.3981188103949714,1.0366020861648995,0.00031276444701896486,1.0359890678487422,1.0372151044810567,1.0343218870038138,1.0579434589690977,1.0649846646996093,1.0817446960006865,1.143764172335601,0.01460626700440942,0.00012687551925460688,0.014357590986670391,0.014854943022148449
18,23,2500,0,0.4158312020460358,0.4012337416431103,1.0363027442729544,0.0003048907693915048,1.035705158364947,1.0369003301809618,1.0345403138090339,1.0553394842675425,1.064295373728616,1.082295750956894,1.1028971028971029,0.014597460402925476,0.00012485686117902383,0.01435274095501459,0.014842179850836362
18,24,2500,0,0.4175637942896457,0.4031121603027176,1.035761071424413,0.00030495792763536063,1.0351633538862477,1.0363587889625783,1.0338716207170862,1.0558491918749295,1.0634864388300715,1.0808897668002437,1.1181353767560664,0.014451633986928104,0.00012544571106504462,0.014205760393240617,0.01469750758061559
18,25,2500,0,0.4187505964912281,0.4045216759545924,1.0350935060366018,0.00029898170308874177,1.034507501898548,1.0356795101746556,1.0329208737664763,1.0546697599465409,1.0622884107980415,1.0787017362796008,1.1235813366960907,0.014228920536635707,0.00012353266345177625,0.013986796516270225,0.014471044557001189
18,26,2500,0,0.42128986266571405,0.4071707708184488,1.0345951135659694,0.00029308089515988256,1.034020675011456,1.035169552120483,1.0324947221565897,1.0543914257635252,1.061561076478502,1.0777682259320671,1.1192497532082921,0.014119091847265222,0.00012175310372164153,0.013880455763970805,0.014357727930559639
18,27,2500,0,0.42201609907120746,0.40815796353629175,1.0338721472142756,0.00028443313429067066,1.033314658271066,1.0344296361574852,1.0318551544911883,1.0527216339452279,1.0604254520511087,1.0742230989758421,1.1060553633217993,0.01385813553491572,0.00011896377898615587,0.013624966528102854,0.014091304541728586
18,28,2500,0,0.42388170426065164,0.4101860238832375,1.0333029496337223,0.0002814289635730425,1.0327513488651192,1.0338545504023253,1.0315074898599508,1.051837209456826,1.0602699444125696,1.0721815232013943,1.1059625808707816,0.013695680377414126,0.00011789305065395432,0.013464609998132376,0.013926750756695876
18,29,2500,0,0.42513412334080636,0.411706700829152,1.0325330208585493,0.00027838289435301475,1.0319873903856174,1.0330786513314811,1.030643007212382,1.0505014871622207,1.0583424513356907,1.0732763723210499,1.106134046464984,0.01342742251165439,0.00011704481806851295,0.013198014668240105,0.013656830355068676
18,30,2500,0,0.42631219814241483,0.4131591468868249,1.0317778932073691,0.00027548185592589277,1.0312379487697543,1.032317837644984,1.02959050830801,1.0508049309370437,1.0584947653859822,1.070953609819056,1.0925778766687857,0.013153051255589954,0.00011538993904674668,0.012926886975058331,0.013379215536121578
18,31,2500,0,0.4275830487033523,0.414404860348214,1.0317212294467242,0.00026764284754735935,1.0311966494655314,1.032245809427917,1.0299710478995245,1.0494740160846132,1.0561547975998034,1.06973918702282,1.097102881910121,0.01317818835513832,0.00011326689281668762,0.012956185245217612,0.013400191465059028
18,32,2500,0,0.428956540247678,0.4158858875128999,1.0313581214141365,0.0002657072343421788,1.030837335234826,1.0318789075934471,1.0297059052268174,1.0488058574108492,1.0554812665406084,1.071332964741741,1.0964133919916486,0.013070652734778122,0.00011278838131026951,0.012849587507409993,0.013291717962146251
18,33,2500,0,0.4309487444100447,0.4178778872314476,1.0312235028913714,0.00026297566353872406,1.0307080705908356,1.0317389351919073,1.0290072379535982,1.049056383860122,1.055796904401065,1.0697466934215163,1.097629009762901,0.013070857178597118,0.00011152132683325285,0.012852275378003942,0.013289438979190294
18,34,2500,0,0.43112386329144664,0.41811429612092516,1.0310471052273817,0.00025907589577800564,1.0305393164716568,1.0315548939831067,1.0293587720229467,1.048960967451544,1.0549605913052194,1.0665242471073997,1.0844273591064046,0.013009567170521461,0.00011030205399198974,0.012793375144697161,0.013225759196345761
18,35,2500,0,0.4321846616541353,0.41943469261388766,1.0303550190500608,0.0002456797901782832,1.0298734866613113,1.0308365514388103,1.028669150269328,1.0468568402883984,1.0526069483700182,1.0653732256963229,1.0851940913775335,0.012749969040247678,0.00010459471650619609,0.012544963395895534,0.012954974684599822
18,36,2500,0,0.4337291251003325,0.421131131750946,1.0298496174607663,0.0002519147650654336,1.029355864521238,1.0303433704002947,1.0280660222699323,1.0466281576771421,1.0529534840287733,1.0664926843812634,1.1040660736975858,0.012597993349386539,0.00010803237842775529,0.012386249887668139,0.012809736811104939
18,37,2500,0,0.43428363595793934,0.4217930103478091,1.0295646469156523,0.000254359693415368,1.0290661019165581,1.0300631919147465,1.0277550876164598,1.0464848623055607,1.0523999105511699,1.069507957432138,1.099649642905269,0.012490625610130255,0.00010889964520310123,0.012277182305532177,0.012704068914728334
18,38,2500,0,0.435104969854978,0.42263843354516323,1.0294432107811569,0.00025249837228040614,1.0289483139714872,1.0299381075908265,1.027707711968965,1.0462207612801553,1.0526938467261533,1.0663134914026224,1.0900329862234008,0.012466536309814785,0.0001082495753892682,0.01225436714205182,0.01267870547757775
18,39,2500,0,0.43642291550898366,0.4239376782831891,1.029395654899731,0.00025081417889435286,1.028904059109098,1.0298872506903638,1.0275534159313064,1.045400796663558,1.0530118605780765,1.0658744812447458,1.1161782661782662,0.012485237225794501,0.00010804977764870653,0.012273459661603037,0.012697014789985965
18,40,2500,0,0.43655749226006196,0.4244930650154799,1.0283716153886246,0.00023782152019246615,1.0279054852090475,1.0288377455682018,1.0268347098397461,1.0442222197481705,1.0506473095835296,1.0629383589869454,1.1021502243459005,0.012064427244582043,0.00010257192135365105,0.011863386278728887,0.012265468210435199
18,41,2500,0,0.4384275667648317,0.4261292255027813,1.02879989785333,0.00025208157327489595,1.028305817969711,1.0292939777369488,1.0270538022798594,1.0454128278095898,1.0521632899572047,1.065567618336594,1.1028273212135116,0.012298341262050391,0.00010920887912744089,0.012084291858960606,0.012512390665140176
18,42,2500,0,0.43887792029092343,0.42688322767703574,1.0280461523920326,0.00024078924426752018,1.0275742054732682,1.028518099310797,1.0262742210286175,1.0439265224846508,1.050054404646209,1.062830184861342,1.0826816275643205,0.011994692613887659,0.00010443541901290312,0.011789999192622368,0.01219938603515295
18,43,2500,0,0.4389629490964072,0.42717686418508655,1.0275466202807213,0.00023160202961679244,1.0270926803026723,1.0280005602587703,1.0260902909010967,1.0428074476436713,1.0488466004998642,1.0627693685214772,1.0898430861609925,0.01178608491132071,0.00010039947733011823,0.01158930193575368,0.011982867886887742
18,44,2500,0,0.4402261562998405,0.4284122244112956,1.027529915345899,0.00023447874292891605,1.0270703370097582,1.0279894936820397,1.0258922860925699,1.0428893888876185,1.0489948725981773,1.0600613962032093,1.0967653055601476,0.011813931888544892,0.00010178934084459178,0.011614424780489492,0.012013438996600291
18,45,2500,0,0.4409651003325307,0.4290971861025112,1.027620913318644,0.00022938190491905488,1.0271713247850027,1.0280705018522853,1.0260019864937515,1.0427700947919751,1.0490365455130983,1.0610726889346886,1.0830259288960171,0.011867914230019493,9.982461737427684e-05,0.01167225797996591,0.012063570480073076
18,46,2500,0,0.4414238973392561,0.42972654910934627,1.0271778225573354,0.0002256522851674475,1.0267355440784072,1.0276201010362636,1.0258190560036202,1.0425798297080557,1.0477046382690893,1.0589106210595594,1.087384744341995,0.011697348229909811,9.820176434628278e-05,0.011504872771791097,0.011889823688028526
18,47,2500,0,0.4421702478975913,0.43056764815668713,1.0269079779841996,0.00021803357466317422,1.02648063217786,1.0273353237905394,1.0255422438907398,1.041597950325026,1.0471709329711871,1.0579997070046807,1.0849327722467412,0.0116025997409042,9.505010656831276e-05,0.011416301532030307,0.011788897949778094
18,48,2500,0,0.44357199002407977,0.4318795837633299,1.0270313375166007,0.00022458801598477767,1.0265911450052705,1.027471530027931,1.0254208776795275,1.0415553303475904,1.0474799262423748,1.060367391918275,1.085695167996941,0.011692406260749914,9.823583152355826e-05,0.011499864030963739,0.011884948490536089
18,49,2500,0,0.44358334491691415,0.4321257260799057,1.0264767903511884,0.00021977614476440508,1.0260460291074502,1.0269075515949266,1.0251086873472854,1.0411306304995795,1.0466214241466532,1.0588029840762374,1.0727624913082348,0.011457618837008488,9.614339678605078e-05,0.011269177779307828,0.011646059894709147
18,50,2500,0,0.443850427244582,0.43245742827657374,1.0262979156327114,0.00022831408932496108,1.0258504200176346,1.0267454112477883,1.024755009586656,1.0416735263775276,1.047149352698302,1.0624549792963462,1.083530525319451,0.011392998968008255,0.00010012367455341257,0.011196756565883566,0.011589241370132944
19,3,2500,0,0.24699216374269006,0.22182187134502926,1.1152586179822335,0.0007956137835768366,1.1136992149664229,1.116818020998044,1.1109785049910064,1.1690152619542762,1.1873647316983968,1.2228666752187805,1.2704626334519573,0.025170292397660818,0.00017419403786923256,0.024828872083437124,0.025511712711884512
19,4,2500,0,0.2900921052631579,0.2600774561403509,1.1158603597228953,0.0008785530802623878,1.114138395685581,1.1175823237602096,1.1110139800023688,1.1736245173745175,1.195657493439251,1.2396810085414203,1.329268292682927,0.03001464912280702,0.0002365133285625406,0.02955108299882444,0.0304782152467896
19,5,2500,0,0.3088018947368421,0.28507249122807016,1.0834999353291457,0.0006336648874609431,1.0822579521497222,1.0847419185085692,1.0806056091901337,1.1259865593723861,1.1402335860202164,1.1723956217558114,1.2205226258763544,0.02372940350877193,0.00018499866807531617,0.02336680611934431,0.024092000898199552
19,6,2500,0,0.3294173684210527,0.3042229824561404,1.0828203905555205,0.0006460098473746956,1.081554211254666,1.0840865698563749,1.0791031198239218,1.12576378025978,1.1395596903009801,1.167818270891679,1.2601797990481227,0.025194385964912278,0.00020346469300976507,0.02479559516661314,0.025593176763211416
19,7,2500,0,0.34230962406015036,0.32033904761904763,1.0684936536088,0.000532130574629136,1.067450677682527,1.0695366295350732,1.064991420858851,1.103333959586564,1.1156389471006734,1.1431274561619247,1.2141148325358853,0.021970576441102757,0.00017734763579561327,0.021622975074943356,0.022318177807262158
19,8,2500,0,0.35286162280701755,0.33097767543859646,1.0661040551350842,0.0005186585370122998,1.0650874844025402,1.0671206258676282,1.063070850050567,1.100671504728086,1.1123856605681424,1.1360676217295371,1.1675182481751825,0.021883947368421055,0.00017585424838022237,0.021539273041595818,0.02222862169524629
19,9,2500,0,0.3602707212475633,0.3403058479532164,1.0584614930721146,0.0004660190221873985,1.0575480957886272,1.059374890355602,1.055357918956433,1.0895437209514647,1.101294598893469,1.1256302689068953,1.179711017459362,0.01996487329434698,0.00016597293098433315,0.019639566349617686,0.02029018023907627
19,10,2500,0,0.3696480350877193,0.34948659649122804,1.0575874493044857,0.0004602188289460931,1.0566854203997513,1.05848947820922,1.0546827385893072,1.0878835515292604,1.1004600440042354,1.1236990436635443,1.1650280898876404,0.020161438596491228,0.00016602913117758775,0.019836021499383155,0.0204868556935993
19,11,2500,0,0.37481237639553433,0.35602417862838914,1.0526523566866437,0.00041327844184726857,1.051842330940623,1.0534623824326643,1.0499944208881946,1.0799633968379383,1.0910071375152228,1.1123614869710734,1.1408743927827898,0.018788197767145135,0.00015166985940188058,0.01849092484271745,0.01908547069157282
19,12,2500,0,0.3810592105263158,0.36248783625730996,1.0511276559384146,0.00041526350450321695,1.0503137394695883,1.051941572407241,1.0480173661081538,1.0790895567329124,1.0900838097016603,1.1095219360692898,1.1427402862985685,0.01857137426900585,0.00015454523789673025,0.01826846560272826,0.01887428293528344
19,13,2500,0,0.38517071524966257,0.36749989203778677,1.0479649481348274,0.0003924764408482359,1.047195694310765,1.0487342019588899,1.0451540085924416,1.0749618180433615,1.0848873262207046,1.1045820882707802,1.136745886654479,0.017670823211875842,0.00014899205386500387,0.017378798786300435,0.01796284763745125
19,14,2500,0,0.38914859649122807,0.3719541604010025,1.046131974353288,0.0003720360138624104,1.0454027837661177,1.0468611649404582,1.04367586699899,1.0707410081216557,1.080918954529641,1.0998758302514933,1.1259571808095015,0.017194436090225564,0.00014202448097537152,0.016916068107513834,0.017472804072937293
19,15,2500,0,0.3932094502923976,0.3767188304093567,1.0436621125035785,0.0003492730667285747,1.0429775372927905,1.0443466877143666,1.041735142426718,1.0667219925768399,1.0758045416989177,1.0947536148469308,1.1265087853323148,0.016490619883040934,0.00013535571191891708,0.016225322687679854,0.016755917078402013
19,16,2500,0,0.396254100877193,0.3800669298245614,1.0425067620963115,0.0003399324284865727,1.0418404945364779,1.0431730296561452,1.0402394275754516,1.0648981808564115,1.0734054552943109,1.092609899171501,1.1326973113616652,0.016187171052631576,0.0001325820247129646,0.015927310284194165,0.016447031821068988
19,17,2500,0,0.3997717853457172,0.38391517027863775,1.041218442158924,0.0003320838304955678,1.0405675578511526,1.0418693264666952,1.039248076879593,1.0631944139624896,1.0715881928979252,1.088688727755541,1.135152953586498,0.01585661506707946,0.00013067319799099089,0.01560049559901712,0.016112734535141802
19,18,2500,0,0.4027743664717349,0.3870414035087719,1.0405611948964348,0.0003307277420476553,1.0399129685220214,1.0412094212708483,1.0385829021010091,1.0627666431056138,1.0696113266634526,1.0862788911454335,1.1426100838100306,0.015732962962962962,0.00013097078459849346,0.015476260225149915,0.01598966570077601
19,19,2500,0,0.4064489381348107,0.3910459464450601,1.0392725568694219,0.00031864700758021616,1.0386480087345646,1.0398971050042791,1.0369645501195968,1.0606936211224385,1.0681161936737893,1.0839048201162695,1.1112000915227092,0.015402991689750695,0.00012821333188978406,0.01515169355924672,0.01565428982025467
19,20,2500,0,0.40823575438596493,0.3930904561403509,1.0384350128171391,0.00030852361342606054,1.037830306534824,1.0390397190994543,1.0366789521469382,1.0590153003898573,1.0661748593878755,1.0851314504710132,1.113296332046332,0.015145298245614038,0.0001244035450354929,0.014901467297344472,0.015389129193883603
19,21,2500,0,0.41072905597326653,0.39606614870509604,1.0369424001615364,0.00030276510031169144,1.0363489805649255,1.0375358197581472,1.0346107985663853,1.0575132328585533,1.0654030260877605,1.0818544141297408,1.1115047936640268,0.014662907268170426,0.00012286551081101954,0.014422090866980828,0.014903723669360025
19,22,2500,0,0.4134726794258373,0.3987229505582138,1.0369002612355638,0.0002973376319484954,1.0363174794769447,1.0374830429941828,1.0349950687070937,1.057333162185654,1.0645481634232685,1.077693250467095,1.112527985982673,0.014749728867623605,0.00012147005387105879,0.01451164756203633,0.01498781017321088
19,23,2500,0,0.4153630358504958,0.40089385202135774,1.0360216391951336,0.0002909832683415148,1.0354513119891842,1.036591966401083,1.034255835262286,1.054496396598084,1.0626633651522042,1.07743404367286,1.099052621705281,0.014469183829138064,0.00011892470034897443,0.014236091416454074,0.014702276241822054
19,24,2500,0,0.416956067251462,0.4028940935672515,1.0348134299288405,0.0002875624546825184,1.0342498075176627,1.0353770523400183,1.0329609322642008,1.054341054470141,1.0614990504789301,1.0758012754610171,1.110009822305563,0.014061973684210529,0.00011864100738570619,0.013829437309734545,0.014294510058686512
19,25,2500,0,0.4185437473684211,0.40447449824561404,1.0347183629148062,0.0002808038689030277,1.0341679873317562,1.0352687384978563,1.0328156363468621,1.0530301280894823,1.0610356958468798,1.0765571645536134,1.0967286835376069,0.014069249122807017,0.00011575140882929877,0.01384237636150159,0.014296121884112443
19,26,2500,0,0.419975991902834,0.406119338731444,1.0340371978492031,0.0002778669172041627,1.033492578691483,1.0345818170069232,1.0322012701293404,1.0527989063801155,1.0600389651660838,1.0726763222404707,1.102441740237016,0.013856653171390013,0.00011568803574269966,0.013629904621334323,0.014083401721445704
19,27,2500,0,0.4220342949967511,0.40835360623781675,1.0334349197239712,0.0002678584097658559,1.03290991724083,1.0339599222071123,1.0317843701454008,1.052058116993877,1.0577744738879489,1.0704504391788159,1.103799888472875,0.013680688758934372,0.00011152604020720297,0.013462097720128253,0.01389927979774049
19,28,2500,0,0.4237516290726817,0.410154022556391,1.0330979367292081,0.00026412601626405423,1.0325802497373306,1.0336156237210856,1.0311358415271692,1.05094403364724,1.0573450803494837,1.0687247395478365,1.1007659335254023,0.013597606516290727,0.00011010835867790995,0.013381794133282023,0.013813418899299431
19,29,2500,0,0.42446066545674527,0.4112820810647308,1.0319774786131437,0.0002634000372714047,1.0314612145400917,1.0324937426861958,1.0301593489410872,1.0492177875966806,1.0563238732668496,1.0710342679317828,1.1033928049137174,0.013178584392014516,0.00011037046882636258,0.012962258273114846,0.013394910510914187
19,30,2500,0,0.42584835087719297,0.412678081871345,1.0318602164338224,0.0002552133776648136,1.0313599982135995,1.0323604346540454,1.0301342092815728,1.0489011762517368,1.0553499012335386,1.068313987764003,1.1041322314049586,0.01317026900584795,0.00010728315467630254,0.012959994022682398,0.013380543989013503
19,31,2500,0,0.4271532767402377,0.414352688172043,1.0308349707655118,0.00025628375886429725,1.0303326545981377,1.0313372869328858,1.0289348902342208,1.0478578510734822,1.0545064411541023,1.0703193636502688,1.0961892619351183,0.01280058856819468,0.00010812418779873767,0.012588665160109154,0.013012511976280207
19,32,2500,0,0.4282709539473684,0.4155416228070175,1.0305731528527897,0.0002476573054609964,1.0300877445340861,1.0310585611714933,1.028830570307555,1.0474238260713988,1.0528479169420941,1.065482165147361,1.0926461345065996,0.012729331140350877,0.00010484396330715262,0.012523836972268857,0.012934825308432896
19,33,2500,0,0.4299533545986178,0.41735134502923976,1.0301248281451063,0.00024757230801637087,1.0296395864213943,1.0306100698688183,1.0285257031018011,1.045784799278522,1.0528925332335193,1.0665385258237172,1.115116208507798,0.01260200956937799,0.00010562083411476922,0.012394992734513043,0.012809026404242937
19,34,2500,0,0.4315580392156863,0.418815221878225,1.0303730897579502,0.00024495572511887883,1.029892976536717,1.0308532029791833,1.0288047484091782,1.0462973372803008,1.0528814673090248,1.065866277587202,1.093619059020711,0.0127428173374613,0.00010443104097907422,0.012538132497142316,0.012947502177780285
19,35,2500,0,0.43174851127819547,0.41923460651629074,1.0298067670348519,0.000246852338189628,1.0293229364520002,1.0302905976177035,1.0283961241172008,1.0458720108763495,1.0528342690792998,1.0648815424713658,1.0899167229349538,0.01251390476190476,0.0001047784071639907,0.012308539083863338,0.012719270439946183
19,36,2500,0,0.4330190838206628,0.4206668615984406,1.0293157103406416,0.0002362987968230579,1.0288525646988684,1.0297788559824148,1.0276837173156248,1.0452174419633624,1.0507778000106875,1.062740623927042,1.0922475791381165,0.012352222222222221,0.00010105211041923878,0.012154160085800513,0.012550284358643929
19,37,2500,0,0.43375326695116173,0.4216390990990991,1.02868015524965,0.00023667206899466762,1.0282162779944206,1.0291440325048795,1.0267895533886873,1.0439796035107294,1.0503224042579467,1.0637718068934725,1.0932688566505475,0.012114167852062591,0.0001012991999528,0.011915621420155103,0.012312714283970079
19,38,2500,0,0.43475495844875345,0.4226652908587258,1.0285622173509796,0.00023101356600116693,1.0281094307616174,1.0290150039403418,1.027184609538953,1.0439117867421424,1.0506581838688753,1.058863612488208,1.0877418663236318,0.0120896675900277,9.894731418936681e-05,0.011895730854216541,0.01228360432583886
19,39,2500,0,0.4359830499325236,0.423820089968511,1.0286626013920401,0.00023070391914799195,1.0282104217105101,1.0291147810735701,1.0273210091612301,1.0442906620059664,1.0491587032194643,1.060839386192914,1.0847099604614634,0.012162959964012595,9.902049219418752e-05,0.011968879799311986,0.012357040128713203
19,40,2500,0,0.4367964473684211,0.42492704385964913,1.027886970389849,0.00022926448097860858,1.027437612007131,1.028336328772567,1.0264089725734218,1.0432853254688246,1.0488369410179614,1.0597612525144156,1.0887502515596699,0.01186940350877193,9.878951001087875e-05,0.011675776069150608,0.012063030948393252
19,41,2500,0,0.4372898673513051,0.42548224219084296,1.0277140258318398,0.0002227871106186443,1.0272773630950272,1.0281506885686524,1.026451939041893,1.0426411024053885,1.0478649029586389,1.0590200726884011,1.0843622411333562,0.01180762516046213,9.600004271066092e-05,0.011619465076749234,0.011995785244175026
19,42,2500,0,0.43839922305764417,0.4265674269005848,1.0276893900207547,0.0002269679159748565,1.027244532905444,1.0281342471360653,1.02648274666712,1.0424249099877663,1.0484493108642368,1.0614890150572924,1.0749509803921569,0.011831796157059316,9.840102773263204e-05,0.011638930142703357,0.012024662171415275
19,43,2500,0,0.43907480212158306,0.4272836474908201,1.0275406842271442,0.00022916708018268602,1.027091516749986,1.0279898517043022,1.0259291200735345,1.0430674186349878,1.0494055355389538,1.0599304723236738,1.0922162576687116,0.011791154630762956,9.958536807544781e-05,0.011595967309335077,0.011986341952190834
19,44,2500,0,0.43998436204146735,0.4284908054226475,1.0267768200882166,0.00022008453302271237,1.026345454403492,1.0272081857729412,1.0248559404076032,1.0416436908002664,1.0474738412288045,1.057451147333821,1.0827759963353183,0.011493556618819777,9.582962843744043e-05,0.011305730547082393,0.01168138269055716
19,45,2500,0,0.4403741286549708,0.42873595321637425,1.0270977449217467,0.00022217309456310384,1.026662285656403,1.0275332041870904,1.0254379935709186,1.0421323219563363,1.0475963606630627,1.0612504233069897,1.0867836459503846,0.011638175438596491,9.692159482426779e-05,0.011448209112740927,0.011828141764452056
19,46,2500,0,0.4412708009153318,0.4297220213577422,1.0268281752529638,0.00022108005745466257,1.0263948583403526,1.027261492165575,1.0252187523905354,1.0415861202455217,1.0470099919812745,1.0586354132829046,1.0764749358723533,0.011548779557589626,9.638647192417045e-05,0.011359862072618252,0.011737697042561
19,47,2500,0,0.441722224710713,0.43051658827920863,1.0259905649631789,0.00021174136894550616,1.0255755518800456,1.0264055780463122,1.0245150405407735,1.0398801994056923,1.0448333802795131,1.0568851400620913,1.079850591409006,0.011205636431504292,9.239234020672987e-05,0.011024547444699101,0.011386725418309483
19,48,2500,0,0.442276798245614,0.43091205409356725,1.0263273590981472,0.00021430841131794284,1.025907314611964,1.0267474035843305,1.0249941398585876,1.041215575925915,1.0461624674450278,1.0568292473444585,1.0910647771546003,0.011364744152046784,9.360147235563218e-05,0.011181285266229746,0.011548203037863823
19,49,2500,0,0.44308105979233803,0.43182605084138914,1.026022834656477,0.00021382368964304794,1.0256037402247766,1.0264419290881774,1.024393295352946,1.04007378972363,1.0458342667490825,1.0583228067234247,1.082728415588629,0.011255008950948801,9.362942974196386e-05,0.011071495268654552,0.01143852263324305
19,50,2500,0,0.4435072210526316,0.4322844140350877,1.025914046824679,0.00021573795007421605,1.0254912004425336,1.0263368932068244,1.024500316755691,1.0404642941045688,1.045165758885071,1.0572320582911803,1.0841714559386972,0.011222807017543858,9.470381547281574e-05,0.01103718753921714,0.011408426495870577
20,3,2500,0,0.2484507268170426,0.22317543859649122,1.1148600606963464,0.000769016932960783,1.1133527875077431,1.1163673338849496,1.1119691767260056,1.1648625202290552,1.1821243561442236,1.2193750488051387,1.3192660550458715,0.025275288220551376,0.00017091929936570422,0.024940286393794597,0.025610290047308155
20,4,2500,0,0.29048142857142856,0.2604839097744361,1.1156095389179317,0.0008405934201979065,1.1139619758143438,1.1172571020215196,1.1111876634059172,1.1723502983790575,1.1934249235070808,1.2275067773340438,1.2853107344632768,0.029997518796992476,0.00022663440734347668,0.02955331535859926,0.03044172223538569
20,5,2500,0,0.30921172932330826,0.28554418045112784,1.0831253869322928,0.0006005684536454771,1.0819482727631475,1.084302501101438,1.0804858896566456,1.123481386727415,1.1343973468736874,1.1655638591928486,1.2453195610071013,0.02366754887218045,0.00017546647369951602,0.023323634583729397,0.0240114631606315
20,6,2500,0,0.32865809523809525,0.3038131829573935,1.0818494729345212,0.000606663358158633,1.0806604127525303,1.083038533116512,1.0779197463219008,1.1220242100878037,1.1399900252041715,1.1639103529206498,1.2231404958677685,0.024844912280701754,0.0001901340227860868,0.024472249596041024,0.025217574965362484
20,7,2500,0,0.3405973791621912,0.31908060150375944,1.06747916726645,0.0005079082170357393,1.06648366716106,1.0684746673718402,1.0648450278872712,1.10025317147989,1.1135187968421913,1.1356757646373925,1.212515114873035,0.021516777658431796,0.00016506105447415418,0.021193257991662454,0.02184029732520114
20,8,2500,0,0.3528228571428571,0.3306419172932331,1.0670324596871676,0.0005145294700944447,1.0660239819257826,1.0680409374485527,1.0640077926656382,1.1018280830745177,1.1134008294337177,1.1400963210445416,1.2082093991671623,0.02218093984962406,0.00017549235143301492,0.02183697484081535,0.022524904858432768
20,9,2500,0,0.3603416207184628,0.34070275689223056,1.057554389734715,0.00044591708406917306,1.0566803922499395,1.0584283872194906,1.0548670915396285,1.0865329582412044,1.0981481448527513,1.119505051791289,1.1683711648790223,0.019638863826232245,0.00015666569658617107,0.01933179906092335,0.01994592859154114
20,10,2500,0,0.3679353984962406,0.34830279699248123,1.0562538364658776,0.0004349894467541009,1.0554012571502396,1.0571064157815155,1.053824256909154,1.084636970965734,1.0957859634657745,1.115245079379296,1.1708101157308186,0.0196326015037594,0.0001566345282623726,0.019325597828365147,0.01993960517915365
20,11,2500,0,0.37435969924812035,0.3557154613807245,1.0523485927205387,0.0004031620775253682,1.051558395048589,1.0531387903924885,1.0495578108119186,1.0797163892560406,1.0891979777795253,1.1091826125514557,1.1363722697056031,0.01864423786739576,0.0001472202854228249,0.018355686107967024,0.018932789626824497
20,12,2500,0,0.37999195488721804,0.3618811278195489,1.0499202642486103,0.00039330680438621416,1.0491493829120133,1.0506911455852073,1.0470625905004547,1.0774592790352655,1.0861032710383551,1.1036410181198444,1.14155906264945,0.018110827067669172,0.0001469690831614575,0.017822767664672716,0.018398886470665628
20,13,2500,0,0.3856977674956622,0.3681179641411221,1.0476572361672516,0.000365111444352371,1.0469416177363209,1.0483728545981823,1.0454077761703648,1.0720660854461013,1.0809257917405308,1.099966385537069,1.1297338403041826,0.017579803354540194,0.00013810344907244382,0.017309120594358202,0.017850486114722185
20,14,2500,0,0.3894854564983888,0.3721545864661654,1.0464346954592016,0.0003589240091242641,1.045731204401318,1.0471381865170852,1.0441671194830504,1.0701721269644686,1.0791521129455415,1.096516112486213,1.1299762329174095,0.017330870032223417,0.00013806580545865332,0.017060261053524456,0.017601479010922377
20,15,2500,0,0.3938324611528822,0.3771790476190476,1.0440423374774266,0.000344578253565051,1.043366964100439,1.0447177108544141,1.0417050395325331,1.0677374367022816,1.0761319274601633,1.0910360224865039,1.1093057607090104,0.016653413533834587,0.00013378821703785587,0.016391188628440388,0.016915638439228785
20,16,2500,0,0.3971618045112782,0.38077693609022556,1.042956616991704,0.00033523743465628156,1.0422995516197777,1.0436136823636302,1.0408536597265354,1.0644321657279472,1.074068090486162,1.0920216526969173,1.1534700691628905,0.016384868421052634,0.00013053611630568107,0.0161290176330935,0.016640719209011768
20,17,2500,0,0.39997779743476336,0.3840741441839894,1.0413456498277136,0.0003303797786975979,1.0406981054614663,1.0419931941939609,1.0390311543323913,1.0630546243555237,1.0716017748385909,1.0891171670517583,1.1111743934388882,0.015903653250773992,0.00012931213529306676,0.015650201465599582,0.016157105035948402
20,18,2500,0,0.40310290726817044,0.38731047619047615,1.040677604019487,0.00032307337401353407,1.0400443802064203,1.0413108278325536,1.0386059896503133,1.0621235376194054,1.0697541053480855,1.0857952769728942,1.1287986946767286,0.015792431077694232,0.00012824310912502797,0.015541074583809177,0.016043787571579288
20,19,2500,0,0.40557191927186387,0.3903215354174911,1.0389889632212717,0.0003105308619964942,1.0383803227317585,1.0395976037107848,1.0371752949480606,1.0588825998060738,1.0670853287325137,1.0856130283640124,1.1280113367973548,0.015250383854372773,0.00012411604361117114,0.015007116408894877,0.01549365129985067
20,20,2500,0,0.40790974436090227,0.39288926315789474,1.0381436144645937,0.0002983976735084352,1.037558755024517,1.0387284739046703,1.0361825756456007,1.058376578319306,1.065704809501487,1.0816868172330267,1.1119425935417735,0.015020481203007518,0.00012028842111118445,0.014784715897629596,0.015256246508385439
20,21,2500,0,0.4098479484425349,0.3953510920157537,1.0365812198523385,0.00029431507367039364,1.0360043623079445,1.0371580773967326,1.0345996010573084,1.0566233204681117,1.0649207754770618,1.0792104960621842,1.1120496001437685,0.014496856426781238,0.0001190415548196669,0.014263534979334691,0.014730177874227784
20,22,2500,0,0.41278203691045795,0.3982294190020506,1.0364731159527134,0.00028781864797962917,1.0359089914026733,1.0370372405027535,1.0343073593945764,1.0555350612370138,1.0631828917953317,1.0781680047919875,1.1009428250151372,0.014552617908407381,0.00011691812732050677,0.014323458378859188,0.014781777437955574
20,23,2500,0,0.41469788819875775,0.40041871199738477,1.035591431841089,0.00028490050881525364,1.035033026843811,1.036149836838367,1.0339303945205216,1.0537472372285799,1.0615577523681607,1.0791784130785167,1.1031764614063841,0.014279176201372996,0.00011645269550640181,0.014050928918180449,0.014507423484565542
20,24,2500,0,0.41679497493734335,0.40270345864661655,1.0349108960782039,0.0002755449204757003,1.0343708280340715,1.0354509641223362,1.0332485060480505,1.0535163303843273,1.060994226573526,1.0745860461600538,1.111669546097063,0.014091516290726818,0.00011329614497882896,0.013869455846568313,0.014313576734885322
20,25,2500,0,0.41823154285714287,0.40451802706766915,1.0338484450655372,0.0002674924699670833,1.0333241598244016,1.0343727303066728,1.0321466060933442,1.0517312367976117,1.0576632862998214,1.0706011083697613,1.091601866251944,0.013713515789473683,0.00011014565787620037,0.013497630300036331,0.013929401278911036
20,26,2500,0,0.4194144939271255,0.4059239444765761,1.0331721644318528,0.00026187668255965254,1.0326588861340358,1.0336854427296698,1.0314247283957862,1.0509852210449977,1.0571641885943046,1.0705400141222272,1.0964139557466879,0.013490549450549451,0.00010835729414527321,0.013278169154024716,0.013702929747074186
20,27,2500,0,0.42139404065719854,0.4080258758006126,1.0327008307284673,0.0002563916620127708,1.0321983030709223,1.0332033583860123,1.0310447568971188,1.0498766221033857,1.0563400198426967,1.0696326986081168,1.0843065441227282,0.01336816485658591,0.00010650535759253201,0.013159414355704547,0.013576915357467273
20,28,2500,0,0.4231395381310419,0.40978440386680987,1.0325207738614999,0.000257142242980285,1.0320167750652585,1.0330247726577413,1.0307832709872229,1.0499493276809961,1.0563850276061753,1.0695927427730512,1.0987813134732567,0.013355134264232009,0.00010747032808359633,0.01314449242118816,0.013565776107275858
20,29,2500,0,0.42486967072854553,0.4117064143116412,1.0318931781671357,0.0002477176164783343,1.0314076516388382,1.0323787046954331,1.0304634148763177,1.0481908475909314,1.054937984710561,1.0688364018851602,1.0881327479338843,0.013163256416904329,0.00010448071897109596,0.01295847420772098,0.013368038626087677
20,30,2500,0,0.42555381453634084,0.41253793483709267,1.0314927598323367,0.00025295449036694416,1.0309969690312175,1.0319885506334558,1.0296215959624166,1.0477900698124087,1.0551348673068444,1.06925701319616,1.1121315805270424,0.013015879699248122,0.00010628322956780033,0.012807564569295233,0.013224194829201012
20,31,2500,0,0.4266682318699976,0.41382617511520736,1.0309561778633367,0.00023573949830933076,1.0304941284466504,1.031418227280023,1.029466766726758,1.04661054713856,1.0524069197377723,1.0662812982277083,1.0809358752166378,0.012842056754790202,0.00010000001382388364,0.01264605672769539,0.013038056781885014
20,32,2500,0,0.4286625,0.41580669172932333,1.0308523184405871,0.0002493038375317,1.030363682919025,1.0313409539621492,1.029203185582585,1.0473782563490288,1.0531645098100963,1.066008906194061,1.105175917014223,0.012855808270676693,0.00010595110050890249,0.012648144113679243,0.013063472427674142
20,33,2500,0,0.4290799544315334,0.41660624287992715,1.029886266865282,0.00023673229306142376,1.0294222715708816,1.0303502621596823,1.0280551504060103,1.0455664248678158,1.0518383459993292,1.0653712250258163,1.075777168571872,0.012473711551606289,0.00010031986912926397,0.01227708460811293,0.012670338495099647
20,34,2500,0,0.43132756302521,0.41873086245024327,1.030036253042592,0.00024102917762256062,1.0295638358544517,1.0305086702307322,1.0282859275500185,1.0452974708613276,1.052214778332543,1.0664858725176507,1.0950531914893618,0.012596700574966828,0.00010245579863355165,0.012395887209645066,0.01279751394028859
20,35,2500,0,0.4314756262083781,0.41912556820622987,1.0294141378481163,0.0002337552018447678,1.0289559776525006,1.029872298043732,1.0279879105257064,1.0455077349565716,1.0517813324670744,1.0620954964496265,1.089214513556619,0.012350058002148228,9.964402410826868e-05,0.012154755714896022,0.012545360289400434
20,36,2500,0,0.4328252715121136,0.42052562238930663,1.0292019456614283,0.0002343781250426487,1.0287425645363446,1.029661326786512,1.027572944683695,1.0450168030979932,1.0517074581749515,1.0624147018038217,1.092460045102461,0.012299649122807017,0.00010008593802840005,0.012103480684271353,0.012495817561342682
20,37,2500,0,0.4334742938427149,0.42132517780938833,1.0287927639266101,0.000226125539923607,1.02834955786836,1.0292359699848603,1.0274910198714107,1.0436808499769026,1.049158559011769,1.0624661430935687,1.083042602329124,0.01214911603332656,9.652756915470144e-05,0.011959921997783346,0.012338310068869774
20,38,2500,0,0.43446709141274237,0.4224742223981005,1.0283288277955607,0.00022166331805558294,1.0278943676921717,1.0287632878989497,1.0270829331705373,1.042986305136542,1.0490256262511242,1.0602636826650464,1.0914267778674558,0.011992869014641867,9.541134447393958e-05,0.011805862779472947,0.012179875249810788
20,39,2500,0,0.4350182995951417,0.4232753576248313,1.027694690719807,0.00022100685415907015,1.0272615172856552,1.0281278641539588,1.0263134114984234,1.0427896532583623,1.0478551043159683,1.0579209172654878,1.0973340798484,0.011742941970310393,9.519835066503436e-05,0.011556353203006926,0.01192953073761386
20,40,2500,0,0.4364838796992481,0.42467897744360905,1.0277582197005557,0.0002225985916470051,1.0273219264609275,1.028194512940184,1.026234083515638,1.0425268457520032,1.0485566635183998,1.061326314398635,1.088537174400552,0.011804902255639097,9.588798052126871e-05,0.011616961813817411,0.011992842697460784
20,41,2500,0,0.4371815441041629,0.42552822299651566,1.0273426523283484,0.00021515858583689312,1.0269209415001082,1.0277643631565887,1.0256582430649193,1.0416380592405348,1.0469961920162272,1.0577320551119909,1.0980146813480147,0.011653321107647167,9.295491034131292e-05,0.011471129483378193,0.01183551273191614
20,42,2500,0,0.43791051915503043,0.42632955245256,1.0271093286200965,0.00022246145105371914,1.0266733041760312,1.0275453530641618,1.0255502587235101,1.0419681052015495,1.0479690441433787,1.0602960798727588,1.100649224429499,0.011580966702470462,9.652571316234419e-05,0.011391776304672268,0.011770157100268656
20,43,2500,0,0.43869212799440466,0.42720461619164185,1.0268439278315409,0.00021837085366458773,1.0264159209583583,1.0272719347047234,1.0253377741056535,1.0412808040996213,1.046638013410877,1.0602819482740173,1.0870230236676863,0.01148751180276272,9.469287503463956e-05,0.011301913767694826,0.011673109837830613
20,44,2500,0,0.4393801572112098,0.4278701435406699,1.0268589629902989,0.00021468232672908915,1.0264381856299098,1.027279740350688,1.025398551882723,1.0408041171239972,1.045602105556968,1.0588549763436785,1.08045148895293,0.011510013670539986,9.324448301733204e-05,0.011327254483826016,0.011692772857253956
20,45,2500,0,0.44019817543859646,0.4288817777777778,1.0263435027590275,0.0002045245460755331,1.0259426346487195,1.0267443708693356,1.0251869325589333,1.0406467024011565,1.0451802461973125,1.0541415544307804,1.0821424510064062,0.011316397660818713,8.906690163700883e-05,0.011141826533610176,0.01149096878802725
20,46,2500,0,0.44049753514220336,0.42929178816606733,1.0260559892137877,0.00021185745763091114,1.025640748596831,1.0264712298307443,1.0246724154737108,1.0399700788045445,1.0446649805521613,1.0578198124904763,1.0839247030701427,0.011205746976135992,9.244315622953233e-05,0.011024558389926109,0.011386935562345876
20,47,2500,0,0.4417913869780835,0.4305644408894577,1.0260272041528524,0.00020625480319393606,1.0256229447385923,1.0264314635671126,1.0246242711027058,1.0398859636637174,1.0447657316490626,1.055118650210974,1.0780394109696236,0.011226946088625818,9.033867884104969e-05,0.011049882278097362,0.011404009899154275
20,48,2500,0,0.4420673245614035,0.43089047619047616,1.0259080757093826,0.00020760250089428824,1.0255011748076297,1.0263149766111355,1.0244629445076643,1.0399558627529268,1.0454102655532,1.0556792563024986,1.0739983198802001,0.011176848370927318,9.052639228291175e-05,0.010999416642052812,0.011354280099801824
20,49,2500,0,0.4431990486420132,0.4320488813871413,1.0257659309937048,0.0002077132182518961,1.025358813085931,1.0261730489014786,1.024311572205082,1.0395498693440677,1.044291503672169,1.0562763641084265,1.1216013628620103,0.011150167254871874,9.11083963520202e-05,0.010971594798021915,0.011328739711721833
20,50,2500,0,0.4437465443609022,0.4326783939849624,1.0255369911212808,0.0001993863462079494,1.0251461938827133,1.0259277883598483,1.0244368102274954,1.0384744993512691,1.0432270963799846,1.0546597008749807,1.088097063431219,0.011068150375939851,8.772324734163613e-05,0.010896212811150245,0.011240087940729457
